age,job,marital,education,default,balance,housing,loan,contact,day,month,duration,campaign,pdays,previous,poutcome,deposit
,technician,,,unknown,31055.37,yes,unknown,cellular,13,mar,4392,23,305,8,other,no
,unemployed,divorced,tertiary,,80235.8,,yes,,12,,,,n/a,,unknown,yes
,retired,married,tertiary,,76843.73,n/a,yes,telephone,20,oct,missing,,n/a,unknown,,yes
,technician,married,secondary,n,49367.07,no,,telephone,6,,missing,40,587,8,failure,
,technician,,primary,no,55574.41,yes,yes,n/a,14,mar,missing,29,,unknown,unknown,yes
,services,unknown,tertiary,no,40011.02,n/a,unknown,,17,apr,,,,unknown,unknown,YES
57,n/a,divorced,primary,n,27929.03,n/a,unknown,cellular,4,aug,4110,,,,,Y
74,admin.,single,graduate,,n/a,no,,n/a,13,nov,missing,42,,,,No
34,student,,secondary,yes,20639.89,yes,unknown,n/a,29,jan,,27,n/a,unknown,success,YES
,,,secondary,,31334.42,yes,unknown,telephone,28,may,missing,32,25,unknown,,No
,admin.,,secondary,,70431.86,,unknown,,23,sep,,50,,8,unknown,no
64,admin.,,secondary,y,4734.95,n/a,unknown,cellular,18,feb,412,4,210,,failure,
,management,married,tertiary,unknown,9256.65,,,,11,feb,4081,,,unknown,success,yes
,blue-collar,single,primary,no,2838.27,yes,unknown,telephone,31,sep,,,,unknown,other,
64,retired,,secondary,,95104.66,n/a,yes,telephone,17,oct,,,n/a,9,unknown,no
,blue-collar,single,graduate,unknown,37572.0,yes,no,telephone,15,jan,,,556,unknown,,YES
78,technician,,graduate,,83992.97,no,no,telephone,24,,,,n/a,,failure,
73,,divorced,graduate,yes,15427.61,yes,,cellular,31,oct,missing,27,,7,,No
,technician,married,,n,14728.75,n/a,yes,telephone,13,dec,,,,1,success,
,student,married,primary,,n/a,yes,no,telephone,29,jul,1847,10,n/a,unknown,other,N
,admin.,,,unknown,n/a,yes,no,cellular,28,apr,missing,2,,5,failure,no
,technician,divorced,tertiary,n,75935.36,,,telephone,31,nov,581,,733,,,
,retired,single,unknown,no,n/a,n/a,,telephone,26,aug,1667,,90,,success,YES
,management,,,y,76310.22,,no,telephone,3,sep,missing,13,n/a,,unknown,Y
,blue-collar,unknown,graduate,,14016.98,no,unknown,cellular,,dec,,,655,,failure,No
41,admin.,single,graduate,y,39653.15,n/a,unknown,,28,sep,missing,,n/a,5,success,no
,retired,divorced,,y,25996.49,no,yes,telephone,28,feb,,14,,,unknown,N
,student,single,primary,unknown,77636.7,no,yes,telephone,30,may,missing,,,,unknown,
,admin.,single,unknown,no,43661.42,yes,no,cellular,16,jul,2441,21,n/a,,failure,
,n/a,married,tertiary,yes,77271.98,,,,26,apr,1064,36,,,failure,
,blue-collar,single,primary,,2323.13,n/a,unknown,telephone,22,jul,missing,,n/a,,failure,yes
,n/a,divorced,primary,no,25397.16,yes,unknown,cellular,13,dec,missing,44,,unknown,,Y
,management,unknown,secondary,,87619.95,no,no,n/a,24,,missing,42,942,1,other,no
,technician,divorced,secondary,yes,86380.02,n/a,,telephone,26,oct,,,n/a,,,yes
,n/a,married,primary,yes,79495.36,,unknown,n/a,7,may,,,n/a,,unknown,no
,management,married,primary,yes,27837.97,no,unknown,n/a,,mar,1926,,,0,other,No
,blue-collar,divorced,tertiary,n,67666.32,,unknown,,unknown,sep,2369,24,,unknown,,yes
64,student,single,graduate,n,8108.68,yes,unknown,,15,apr,3104,14,,unknown,other,
52,services,divorced,tertiary,unknown,47014.32,,no,,12,dec,,,,,unknown,No
78,technician,married,tertiary,n,34142.8,,,telephone,17,may,missing,,,,unknown,
83,management,married,secondary,,55366.89,yes,,cellular,,mar,141,35,n/a,,other,yes
,technician,divorced,graduate,y,78633.21,,yes,cellular,11,jan,,,,,,yes
62,student,single,secondary,no,14670.03,,no,,1,nov,missing,,655,,failure,N
,student,divorced,secondary,n,n/a,,,cellular,4,,,,,2,,
,student,married,secondary,y,28512.84,,unknown,,24,jul,4776,47,,,failure,yes
,services,unknown,tertiary,no,25924.8,n/a,unknown,cellular,20,aug,missing,,,,failure,Y
20,n/a,single,,no,1765.28,n/a,unknown,n/a,20,nov,,,n/a,1,,YES
,blue-collar,married,unknown,,2192.19,n/a,no,n/a,18,nov,2127,17,n/a,7,unknown,Y
,student,unknown,,,71578.96,,yes,,21,jun,,,n/a,,unknown,
,technician,divorced,graduate,y,42677.75,yes,yes,cellular,16,dec,4275,,598,,,YES
32,,,graduate,,23419.52,n/a,,,10,aug,missing,,,,failure,Y
30,,unknown,secondary,n,41533.48,,yes,,4,jul,,37,,,failure,
,technician,single,primary,yes,80226.14,,no,,15,jan,581,25,,10,unknown,No
85,admin.,married,secondary,y,6687.96,n/a,yes,,24,may,missing,,477,,success,N
,student,unknown,graduate,,53182.41,no,unknown,n/a,12,mar,,38,n/a,,failure,Y
,unemployed,married,graduate,yes,90584.87,yes,,n/a,3,jan,,,865,4,,YES
,student,unknown,tertiary,unknown,65027.26,,no,cellular,7,mar,,50,,,,No
,technician,divorced,primary,unknown,19900.45,,no,n/a,9,,3514,13,,,failure,YES
,retired,single,secondary,yes,99301.9,,,cellular,2,,missing,,934,,success,
45,retired,divorced,primary,no,30741.22,,,telephone,24,,missing,,,,,No
,,unknown,unknown,yes,59021.48,,no,telephone,3,feb,,,,,,yes
52,management,single,primary,y,46606.76,,yes,n/a,29,jul,,4,,0,failure,No
,unemployed,unknown,unknown,yes,41148.18,yes,no,cellular,22,,,10,,unknown,failure,Y
,technician,unknown,graduate,n,3404.28,n/a,yes,,7,nov,683,,,unknown,unknown,yes
,management,unknown,graduate,no,63585.29,n/a,,telephone,11,jul,missing,46,69,,other,yes
,technician,unknown,,n,61136.19,n/a,no,cellular,,jun,missing,5,,5,,
,admin.,single,tertiary,n,12884.79,,,,6,sep,3996,3,258,,unknown,yes
,services,divorced,tertiary,,53293.01,no,,n/a,14,aug,,,n/a,,other,no
18,admin.,,graduate,,90721.09,n/a,no,cellular,10,mar,,,,unknown,success,No
40,blue-collar,married,secondary,,44854.27,no,,n/a,7,apr,303,40,,unknown,success,N
,,,graduate,y,45216.76,n/a,unknown,telephone,,feb,missing,,n/a,,success,No
,unemployed,married,unknown,n,41745.61,,no,telephone,,feb,missing,40,404,7,other,YES
48,admin.,single,unknown,unknown,68048.28,n/a,no,cellular,15,mar,,,691,0,failure,N
,services,,tertiary,unknown,24948.46,no,,n/a,15,,,,,unknown,,No
,services,divorced,,no,20960.2,n/a,yes,,6,aug,missing,,,,success,N
,retired,married,unknown,unknown,7009.33,no,no,telephone,7,nov,,,n/a,,unknown,YES
,services,married,unknown,,n/a,,no,telephone,15,feb,3974,,,1,unknown,
,student,divorced,graduate,no,57376.24,,unknown,telephone,15,nov,,,n/a,,,no
,unemployed,,unknown,,57333.08,n/a,unknown,,18,dec,4332,10,116,,other,no
32,management,divorced,primary,yes,53642.47,,yes,,19,may,,15,n/a,2,other,
73,retired,married,tertiary,unknown,n/a,no,unknown,,11,apr,,,n/a,,other,
19,,divorced,secondary,n,35145.57,no,yes,n/a,17,may,,,,7,other,no
,n/a,,tertiary,yes,91888.73,no,,,17,apr,,,,,unknown,No
56,management,single,primary,unknown,46832.57,no,yes,cellular,8,jul,missing,39,n/a,,,no
,technician,divorced,,unknown,95796.79,,,,29,aug,1182,,47,4,unknown,
,blue-collar,married,graduate,,3905.19,n/a,unknown,telephone,17,dec,,1,594,unknown,success,No
,retired,divorced,primary,y,49613.23,no,yes,cellular,20,,,,999,,success,Y
26,technician,unknown,tertiary,y,23296.37,,no,cellular,11,jun,,,n/a,,,Y
,services,married,tertiary,unknown,49524.73,,yes,n/a,16,jan,missing,,n/a,unknown,success,yes
,technician,divorced,tertiary,y,61835.01,yes,yes,cellular,4,,,,,,success,
,student,unknown,secondary,n,85691.25,yes,unknown,telephone,10,apr,,22,,3,success,No
,technician,,primary,y,53498.23,yes,yes,cellular,12,may,missing,29,,,,YES
,retired,divorced,secondary,n,75429.89,no,yes,,2,oct,,8,n/a,7,success,Y
20,services,married,,n,6256.95,yes,no,,4,jan,,40,,8,other,no
,student,divorced,tertiary,n,-1008.44,,,cellular,2,oct,763,,n/a,6,unknown,yes
,unemployed,single,unknown,y,8883.12,no,,cellular,2,jan,,7,820,2,success,yes
,n/a,single,,unknown,41082.07,no,yes,n/a,5,jun,,,,,success,No
34,retired,single,graduate,y,7306.48,yes,no,telephone,1,mar,,,,8,other,
,admin.,married,primary,,92428.37,yes,no,cellular,30,mar,,6,n/a,,,no
18,student,,,unknown,27333.24,yes,,,14,,missing,,577,unknown,failure,No
,admin.,unknown,tertiary,,71127.39,no,,cellular,28,apr,,30,139,unknown,success,N
,technician,divorced,unknown,n,20501.85,n/a,yes,n/a,12,may,missing,,,,failure,N
,admin.,married,unknown,,40147.89,n/a,,cellular,4,feb,,,,5,success,YES
32,,divorced,tertiary,,92953.45,yes,yes,telephone,14,feb,2875,,,2,unknown,no
19,retired,,primary,no,82410.3,yes,yes,cellular,19,dec,missing,,,unknown,failure,no
,unemployed,,,y,32097.17,n/a,no,n/a,24,feb,,,,unknown,unknown,No
26,management,unknown,,n,98146.1,n/a,unknown,cellular,7,,4295,,,,unknown,N
84,,single,,,80743.98,yes,no,telephone,17,,,21,,unknown,unknown,N
,technician,unknown,graduate,yes,60919.22,n/a,,telephone,15,feb,,,555,4,failure,YES
,unemployed,,graduate,y,83840.25,yes,unknown,telephone,8,nov,,,184,,failure,Y
88,blue-collar,,unknown,y,39784.29,yes,,,2,,1778,3,,,failure,
,retired,single,,unknown,52732.85,yes,unknown,cellular,27,feb,,17,n/a,unknown,failure,
,,divorced,unknown,,71464.25,yes,,,10,oct,missing,,303,,other,N
,,unknown,unknown,no,25572.84,n/a,yes,telephone,31,,2695,,,,unknown,YES
,student,divorced,primary,,74057.26,no,unknown,cellular,13,sep,missing,15,,unknown,other,No
,technician,married,primary,yes,97601.72,no,,telephone,2,jun,,,677,unknown,unknown,Y
31,technician,,primary,yes,2492.75,yes,,cellular,19,jul,,18,n/a,,success,No
,blue-collar,divorced,primary,,15437.13,,yes,telephone,13,mar,,,,,failure,N
,n/a,divorced,secondary,no,35744.4,n/a,unknown,,25,feb,,,,unknown,unknown,YES
22,management,married,graduate,,2894.68,n/a,yes,,13,may,,8,600,,failure,Y
,n/a,,graduate,unknown,61090.8,n/a,,,16,sep,,,,,other,N
,technician,divorced,tertiary,,14486.09,,no,,20,jan,518,32,n/a,unknown,,
unknown,blue-collar,,tertiary,,38206.0,n/a,,telephone,18,nov,missing,,,5,failure,
,retired,divorced,tertiary,y,36154.51,,unknown,,14,nov,,,,unknown,failure,
,,married,unknown,,25817.86,n/a,no,n/a,13,jan,,,,unknown,unknown,No
35,n/a,,tertiary,yes,61011.07,yes,no,cellular,25,aug,,17,n/a,2,other,
58,blue-collar,single,,unknown,14319.39,yes,no,n/a,3,oct,,,,,other,N
,student,,primary,n,9903.56,yes,,telephone,24,jun,,,,unknown,failure,Y
,services,single,tertiary,n,77463.47,,unknown,,13,jan,,34,n/a,unknown,unknown,N
,blue-collar,divorced,tertiary,,5286.76,n/a,no,cellular,6,nov,,,,,unknown,N
56,retired,single,secondary,yes,81317.77,no,,telephone,3,,missing,25,,,,Y
75,student,unknown,primary,n,79012.45,no,yes,n/a,18,dec,,,,unknown,failure,
92,admin.,,,n,28162.26,yes,yes,n/a,unknown,jul,,,n/a,,failure,N
69,technician,divorced,tertiary,,63792.61,yes,,,14,may,missing,1,,,,
,n/a,,secondary,,81561.88,yes,,n/a,31,may,,,,unknown,,Y
33,services,,,n,26763.47,no,,n/a,25,sep,,43,,3,unknown,
,unemployed,single,graduate,n,41104.73,n/a,no,cellular,11,jun,,,122,unknown,,N
94,,unknown,tertiary,unknown,78436.52,,unknown,cellular,3,aug,,45,n/a,,,yes
,retired,single,,unknown,70653.88,,,,17,oct,,,,,unknown,YES
unknown,blue-collar,divorced,secondary,unknown,57950.34,yes,,telephone,21,mar,missing,36,,,failure,yes
,admin.,married,primary,,55251.03,n/a,,,17,may,,,,,success,No
,services,single,secondary,y,22935.45,,yes,,31,oct,missing,13,,,failure,no
,student,married,primary,,59691.42,,unknown,n/a,22,jul,missing,,,,other,YES
,technician,divorced,secondary,yes,19073.21,n/a,,cellular,3,nov,2135,,,0,failure,N
76,student,single,tertiary,unknown,20076.84,no,no,cellular,,apr,missing,28,,2,success,yes
,services,married,graduate,,69608.68,,no,,17,aug,,,660,4,other,N
72,management,unknown,,no,36361.01,,,,5,jun,1679,,,unknown,failure,Y
92,,unknown,graduate,n,50027.54,yes,no,n/a,25,dec,,,n/a,,success,N
62,n/a,,,no,90.99,n/a,yes,,7,apr,missing,,,3,other,
,admin.,unknown,primary,no,2630.7,,,,30,dec,,25,,10,other,Y
,retired,married,secondary,y,35798.86,n/a,unknown,n/a,20,jan,1183,,332,unknown,unknown,
,services,,,unknown,5819.0,,unknown,cellular,24,jan,1547,,696,unknown,unknown,N
30,admin.,single,tertiary,n,n/a,,unknown,cellular,6,oct,,,,,,N
,student,married,graduate,,95256.16,n/a,unknown,n/a,25,,missing,10,,,success,no
,,divorced,unknown,unknown,60871.52,,,telephone,29,jul,,,,,,Y
,unemployed,,,unknown,72302.07,yes,no,cellular,18,jul,,,n/a,,success,Y
,management,single,unknown,,45257.85,,yes,,10,oct,,,513,,other,no
29,,unknown,primary,yes,37995.31,yes,yes,n/a,13,jul,,,359,unknown,,yes
unknown,,unknown,,y,22790.97,n/a,yes,n/a,11,,missing,7,n/a,unknown,failure,yes
,admin.,unknown,primary,unknown,93723.17,yes,,,8,nov,4691,20,n/a,,unknown,Y
68,management,unknown,secondary,yes,70010.67,n/a,,cellular,1,dec,,,n/a,,unknown,Y
,management,single,tertiary,n,n/a,,unknown,,6,dec,4264,,,,failure,yes
,unemployed,,,no,15874.59,no,unknown,telephone,29,nov,missing,,,unknown,unknown,N
,retired,unknown,graduate,y,64400.29,,yes,,3,nov,,,495,,failure,N
,blue-collar,unknown,,y,61890.38,no,unknown,telephone,31,apr,,,,,failure,No
,management,divorced,graduate,unknown,24166.11,n/a,,n/a,25,aug,,,n/a,6,success,N
,management,,secondary,,n/a,n/a,no,cellular,10,nov,missing,11,n/a,,other,no
,unemployed,divorced,primary,,8511.96,,yes,telephone,10,jan,,,,,unknown,YES
,management,married,,no,56260.29,no,no,telephone,25,oct,,3,n/a,,success,yes
,n/a,unknown,tertiary,y,564.42,,no,telephone,31,oct,2206,,939,10,success,
,,unknown,,,12681.49,,yes,,8,nov,missing,,,,other,
,student,divorced,graduate,no,17219.48,n/a,,cellular,4,mar,3362,,,,other,
,student,single,tertiary,yes,23428.87,no,no,telephone,24,dec,,27,,,other,no
,retired,divorced,,y,95958.41,,,n/a,20,oct,,,,,other,No
,management,,primary,no,52563.55,no,unknown,n/a,,nov,723,,,,other,No
64,,single,primary,,n/a,n/a,,n/a,1,,missing,7,533,,failure,yes
,blue-collar,divorced,,unknown,71970.13,yes,yes,n/a,6,apr,3818,,,7,success,
88,services,married,secondary,yes,54280.96,no,yes,cellular,1,feb,,,45,unknown,other,no
,management,married,,,30119.35,,,telephone,26,jun,,,805,,other,YES
,technician,unknown,,unknown,27733.78,,no,cellular,28,jul,,,n/a,,other,Y
,student,unknown,,n,56935.6,,unknown,cellular,6,aug,,34,805,1,success,
,services,divorced,tertiary,yes,75106.47,n/a,,n/a,8,may,,,,,failure,
61,blue-collar,unknown,secondary,no,69867.19,yes,unknown,,23,apr,,,34,2,unknown,
,blue-collar,married,tertiary,y,31620.86,no,no,telephone,12,mar,missing,,,,,
40,services,divorced,primary,n,4795.8,yes,yes,cellular,16,dec,,,n/a,,,Y
,admin.,unknown,unknown,n,83136.64,yes,yes,,17,oct,,,989,unknown,other,
66,management,divorced,secondary,y,74317.49,n/a,no,,22,jun,missing,27,219,,other,N
,admin.,unknown,primary,no,24145.49,n/a,unknown,telephone,1,aug,,,n/a,,other,
21,technician,married,tertiary,yes,72149.13,no,yes,,25,sep,,48,n/a,,success,No
,student,unknown,secondary,unknown,37450.63,no,,telephone,13,dec,missing,44,,10,,
67,retired,married,secondary,yes,n/a,yes,unknown,n/a,29,mar,,,272,,,No
,unemployed,divorced,,,15065.21,n/a,unknown,cellular,,mar,missing,,n/a,9,other,No
,management,divorced,unknown,y,64398.7,,no,cellular,24,aug,,,587,,,N
,blue-collar,unknown,,,34412.96,no,yes,n/a,21,jan,missing,,,,success,yes
,blue-collar,unknown,unknown,,55954.11,no,no,n/a,20,sep,missing,,n/a,unknown,unknown,No
,blue-collar,single,tertiary,unknown,1132.81,,no,,29,mar,3436,45,,,,
24,unemployed,,secondary,,6499.86,no,unknown,telephone,5,apr,,,393,,failure,Y
,admin.,married,,no,34016.94,yes,,,8,feb,,13,,,,N
20,,unknown,tertiary,n,25266.97,yes,unknown,,2,aug,missing,28,,4,other,N
,blue-collar,,graduate,,82915.88,no,unknown,telephone,1,apr,1791,,,,,no
68,services,single,,,64530.52,no,,cellular,1,jun,missing,,,5,,
,services,divorced,,,71033.24,no,unknown,,1,jun,missing,,373,,success,
,student,unknown,unknown,n,26299.43,yes,,telephone,23,,,,12,,success,N
78,unemployed,unknown,unknown,yes,16117.39,yes,yes,n/a,unknown,sep,,,851,1,,yes
,services,single,unknown,no,61859.25,yes,yes,telephone,17,jan,,,-1,6,success,yes
,management,divorced,graduate,,52385.31,n/a,,cellular,22,jan,4613,,,,failure,N
83,management,divorced,unknown,n,7481.21,n/a,unknown,cellular,11,dec,3105,,323,,,
,technician,,unknown,,1612.59,n/a,no,,unknown,sep,,,n/a,,unknown,yes
,admin.,married,tertiary,,55578.58,no,yes,,4,jul,833,,,,unknown,N
39,admin.,,secondary,yes,17798.32,no,yes,,17,apr,,14,276,,failure,
17,technician,unknown,primary,no,5227.7,,yes,cellular,,,,,n/a,4,other,YES
,,unknown,graduate,n,60873.43,yes,yes,,30,may,,,,,,yes
33,unemployed,unknown,graduate,y,n/a,no,,cellular,30,,,,73,,unknown,Y
,unemployed,,,y,63722.8,yes,unknown,n/a,16,sep,,,n/a,,failure,
,retired,unknown,primary,n,67337.88,,no,,20,mar,,,,3,failure,Y
72,blue-collar,married,tertiary,no,68565.33,,yes,telephone,30,jan,,45,,,success,No
,services,married,unknown,yes,99017.3,,no,telephone,25,jan,2528,,,,success,
,unemployed,unknown,primary,no,43477.72,n/a,unknown,cellular,28,jan,,,,unknown,failure,No
27,blue-collar,single,primary,,16181.81,n/a,no,cellular,7,may,,,n/a,unknown,other,
,blue-collar,,secondary,y,19003.74,,yes,,22,jun,,,n/a,10,success,YES
,blue-collar,,tertiary,no,30853.55,,no,,31,nov,,,692,,failure,Y
,,unknown,secondary,,39959.28,n/a,,cellular,30,mar,missing,,680,,unknown,
88,n/a,divorced,graduate,,9378.22,n/a,yes,,28,jul,missing,,n/a,unknown,other,yes
26,retired,married,primary,unknown,51776.8,n/a,unknown,cellular,25,nov,,,,,unknown,No
,retired,,tertiary,y,79294.89,,unknown,telephone,16,sep,missing,28,,,success,YES
,admin.,divorced,tertiary,,75242.0,no,no,n/a,3,mar,,,,,other,
,blue-collar,married,unknown,,79608.25,n/a,no,telephone,11,oct,missing,33,,,,Y
,retired,single,unknown,unknown,15692.12,n/a,yes,,26,aug,1431,,,unknown,failure,YES
20,blue-collar,divorced,graduate,no,30512.38,yes,,cellular,18,mar,30,,n/a,1,failure,
,blue-collar,,,,15386.95,,no,,19,apr,,,938,,,yes
,student,unknown,primary,no,63490.75,,yes,,6,nov,,,,9,success,No
92,management,married,primary,,43358.03,n/a,no,cellular,,nov,,,951,,,No
,services,,primary,,99463.49,yes,no,cellular,16,may,,17,,unknown,unknown,no
,technician,unknown,graduate,y,88167.48,no,yes,cellular,7,feb,,,n/a,,other,No
62,technician,,,yes,11984.71,no,yes,telephone,6,aug,missing,,,,,No
,,divorced,graduate,,75102.02,n/a,,n/a,29,,833,31,565,,success,N
,unemployed,,tertiary,unknown,4709.47,,yes,,23,jan,1556,,,,,No
19,management,married,unknown,y,92629.8,n/a,,,26,aug,,25,,,success,yes
,,unknown,unknown,,82330.54,n/a,,n/a,1,jun,,37,n/a,8,success,no
,student,single,graduate,y,78972.75,,yes,cellular,17,feb,,45,n/a,unknown,failure,
,management,unknown,secondary,yes,76935.77,no,unknown,cellular,10,mar,,16,,,unknown,YES
,technician,married,primary,,98536.01,no,yes,cellular,24,feb,1681,,,8,failure,YES
31,services,married,tertiary,yes,80060.8,n/a,unknown,n/a,3,feb,,,775,unknown,unknown,no
,services,unknown,unknown,,93560.92,n/a,yes,,,aug,2426,7,701,0,failure,
66,services,single,,n,n/a,yes,yes,cellular,4,aug,missing,,n/a,4,unknown,N
,services,unknown,unknown,y,50059.08,,,,26,oct,missing,,n/a,,success,No
,retired,,tertiary,unknown,67784.12,,no,cellular,15,jun,,7,,,failure,YES
unknown,management,unknown,unknown,yes,48594.16,yes,yes,cellular,18,nov,735,,n/a,,unknown,
,n/a,unknown,unknown,y,75605.08,n/a,unknown,,28,apr,3258,,n/a,0,unknown,
,retired,married,graduate,yes,6187.12,yes,,cellular,22,mar,missing,,148,unknown,failure,
23,management,married,primary,unknown,74448.02,yes,,telephone,18,sep,missing,24,n/a,8,other,YES
,,married,primary,n,93433.2,no,yes,cellular,21,jan,3898,,,,,No
,n/a,divorced,primary,unknown,15782.22,yes,unknown,n/a,5,aug,,,,,unknown,
48,technician,unknown,primary,yes,55069.07,no,no,telephone,31,sep,,,,,,
,student,single,tertiary,y,11370.33,n/a,unknown,n/a,10,aug,,,,9,unknown,YES
,n/a,single,secondary,unknown,10636.28,n/a,,n/a,2,sep,,,n/a,,success,no
72,blue-collar,married,unknown,unknown,50921.38,,yes,telephone,15,sep,,,,5,success,yes
,management,divorced,primary,,71378.87,n/a,no,telephone,18,dec,3071,,189,,other,no
,n/a,,,n,99573.74,n/a,unknown,n/a,11,sep,2067,,,9,other,yes
,unemployed,single,,yes,42896.81,n/a,unknown,,11,nov,missing,,349,,,Y
,services,single,unknown,no,93778.41,yes,,telephone,1,feb,274,21,,,,YES
,retired,single,tertiary,,87319.15,n/a,,n/a,,,missing,,,,unknown,no
,services,divorced,,,14819.5,n/a,yes,cellular,30,oct,4166,,,unknown,other,N
,management,married,graduate,no,71420.09,n/a,unknown,cellular,29,nov,2087,,n/a,,unknown,No
,technician,married,secondary,n,95820.6,,no,n/a,,nov,,,747,5,,No
62,n/a,unknown,secondary,yes,59448.29,no,yes,telephone,24,jan,,19,n/a,unknown,success,YES
,unemployed,divorced,graduate,no,6019.21,n/a,yes,cellular,unknown,,,42,,4,other,No
84,unemployed,unknown,secondary,,67798.74,yes,no,,12,apr,4181,,,10,unknown,YES
,admin.,unknown,primary,yes,16728.18,yes,,cellular,26,nov,missing,,808,unknown,other,
,unemployed,single,secondary,no,19625.54,n/a,,cellular,7,sep,,39,,,failure,N
24,admin.,married,tertiary,unknown,12047.02,yes,unknown,cellular,12,aug,missing,,,,failure,yes
,admin.,divorced,graduate,,9924.22,no,,cellular,19,mar,,6,n/a,unknown,unknown,
,management,married,,no,52107.54,n/a,yes,cellular,7,,missing,,,,,yes
,retired,,secondary,unknown,68983.88,n/a,unknown,telephone,17,mar,missing,,842,,failure,No
,retired,unknown,primary,,83275.01,n/a,,cellular,17,dec,,,607,,,N
,student,unknown,unknown,y,26726.65,n/a,no,,31,mar,3009,46,661,,unknown,yes
,services,married,,,93119.83,n/a,yes,telephone,26,aug,,,n/a,unknown,,N
,blue-collar,single,tertiary,,1140.37,,,,,jun,,,,,other,Y
91,blue-collar,single,primary,unknown,28094.83,yes,unknown,telephone,3,sep,4753,14,n/a,5,unknown,No
,,divorced,graduate,,95630.94,,no,n/a,2,mar,missing,26,n/a,,success,N
30,n/a,,graduate,y,41763.64,n/a,yes,,1,nov,,,n/a,2,other,N
,student,single,unknown,no,32894.92,n/a,yes,,14,jan,,,4,unknown,success,
,student,single,tertiary,n,74554.45,n/a,no,,24,mar,missing,43,n/a,,other,yes
,management,divorced,secondary,,53544.05,n/a,,n/a,11,,4984,4,n/a,,unknown,YES
,n/a,married,graduate,yes,63805.78,yes,no,cellular,5,mar,,21,,7,other,
,retired,married,graduate,n,83106.8,,no,,8,feb,,49,n/a,3,failure,yes
,management,married,primary,,2783.79,n/a,,telephone,18,dec,missing,33,942,9,failure,yes
81,management,divorced,,yes,18107.67,,yes,telephone,26,,,,,unknown,unknown,Y
,,,secondary,,2938.5,yes,yes,cellular,16,dec,missing,,,,other,No
,n/a,married,secondary,no,44918.42,no,yes,cellular,30,nov,,10,n/a,1,success,No
,admin.,,secondary,yes,61940.97,no,unknown,telephone,,oct,missing,12,,4,unknown,no
,admin.,,secondary,no,72527.26,n/a,,cellular,31,may,,,,10,,no
,student,divorced,tertiary,,9311.04,n/a,,cellular,31,apr,missing,,295,unknown,other,yes
31,management,married,primary,y,20008.34,no,yes,cellular,unknown,nov,missing,,,10,other,yes
70,,single,,y,80635.1,yes,,telephone,27,aug,1578,,,,,
,n/a,married,graduate,n,7791.85,n/a,yes,n/a,6,sep,missing,,,,unknown,yes
,unemployed,divorced,,y,59307.92,n/a,no,cellular,3,jan,100,,,,unknown,
,services,divorced,graduate,no,26723.27,,yes,,24,nov,,31,524,,unknown,No
35,student,divorced,graduate,,62045.53,,yes,n/a,10,oct,,13,n/a,2,success,no
,technician,single,,,11639.78,,no,,3,jul,1755,1,,unknown,unknown,
61,retired,single,,,15400.49,n/a,,telephone,31,jan,4918,,989,1,,YES
,n/a,,unknown,no,31837.01,n/a,,cellular,28,oct,,26,n/a,,success,Y
,admin.,single,graduate,n,44022.63,yes,,cellular,20,apr,,,,,,Y
21,n/a,divorced,unknown,y,22572.92,n/a,no,cellular,26,jul,,,,,unknown,no
77,,single,tertiary,yes,10461.32,yes,yes,cellular,18,,2009,,n/a,6,unknown,No
,services,divorced,tertiary,,14187.7,yes,,n/a,5,jun,missing,35,369,5,failure,no
,,,graduate,no,87921.68,,yes,cellular,23,aug,,,880,,failure,yes
29,blue-collar,single,tertiary,,56257.29,n/a,yes,telephone,24,apr,,,n/a,unknown,,N
,technician,single,,,75947.11,yes,,cellular,5,feb,,16,,unknown,unknown,Y
,admin.,divorced,primary,y,16806.5,no,no,n/a,1,jul,missing,,,,success,yes
57,student,divorced,,unknown,26918.29,,,cellular,,dec,3547,,n/a,,other,
,retired,unknown,tertiary,yes,92662.23,,yes,,31,jan,3584,,n/a,2,other,no
,,,primary,,26761.77,yes,no,,18,may,4925,14,,,unknown,yes
29,technician,,graduate,yes,22317.43,yes,no,telephone,30,jan,4243,,,4,success,
,,single,unknown,no,41635.85,no,unknown,,10,may,,,,,success,Y
,admin.,unknown,tertiary,no,34450.93,,,,4,may,,48,634,10,success,no
,n/a,,graduate,,58656.06,no,,,unknown,feb,missing,31,n/a,,success,yes
66,unemployed,divorced,unknown,n,47279.57,n/a,,telephone,17,nov,1869,,,unknown,unknown,
26,blue-collar,single,secondary,y,53366.57,no,yes,n/a,7,aug,2413,,,,success,
,blue-collar,unknown,secondary,n,16457.28,no,unknown,telephone,11,feb,3710,,425,unknown,,
,retired,divorced,secondary,,40173.85,no,yes,,29,oct,3392,,,unknown,,Y
,services,married,tertiary,yes,79725.1,n/a,yes,,9,aug,missing,,,,unknown,No
63,admin.,unknown,secondary,no,26432.15,,,cellular,,apr,missing,,n/a,unknown,,no
85,student,married,secondary,yes,23456.38,yes,unknown,telephone,4,jan,missing,,n/a,2,failure,N
,blue-collar,single,secondary,no,63004.88,,,n/a,28,aug,,,874,unknown,,yes
87,management,divorced,primary,unknown,16613.55,,unknown,,25,nov,,,675,unknown,,YES
,retired,divorced,graduate,n,12771.45,n/a,unknown,cellular,16,oct,,,,2,other,No
51,student,,primary,n,8050.91,n/a,yes,telephone,19,,missing,,n/a,,unknown,N
,student,single,tertiary,n,32943.07,yes,unknown,cellular,,dec,,44,,unknown,other,No
87,technician,single,secondary,,30807.18,yes,yes,n/a,31,apr,,,635,,,
68,blue-collar,unknown,primary,,26092.74,no,,telephone,,,missing,,,5,success,
,retired,single,primary,yes,34611.98,yes,no,cellular,,jul,missing,26,n/a,9,unknown,
,admin.,married,secondary,yes,35672.88,n/a,unknown,cellular,8,jun,missing,,n/a,,unknown,Y
,unemployed,,tertiary,unknown,15535.48,yes,no,,24,jun,,,922,7,,Y
,admin.,married,secondary,y,n/a,no,no,,30,nov,,,n/a,,success,YES
,technician,single,unknown,,72696.96,yes,no,n/a,20,dec,,,,5,success,no
49,management,unknown,tertiary,y,50906.57,,yes,n/a,20,nov,,7,,unknown,,N
,admin.,,tertiary,unknown,81248.03,no,no,n/a,15,oct,missing,25,59,,,yes
52,services,,primary,,18390.69,,,telephone,13,feb,,46,842,,success,YES
60,n/a,unknown,primary,,81049.2,n/a,,n/a,5,nov,,31,,6,unknown,no
,unemployed,married,primary,yes,44632.99,,yes,telephone,3,may,3710,,n/a,unknown,,
,n/a,unknown,,no,66483.86,n/a,no,,7,apr,missing,,,,unknown,YES
,services,married,,,93194.23,n/a,yes,n/a,12,jul,2212,,n/a,unknown,,N
45,n/a,unknown,primary,unknown,37333.48,n/a,,,1,,3379,,266,,failure,YES
,unemployed,,graduate,unknown,1943.31,n/a,unknown,cellular,19,apr,,32,n/a,1,unknown,yes
,admin.,single,graduate,no,80871.08,no,no,telephone,10,apr,,,,,failure,no
,n/a,single,secondary,n,87130.16,no,,n/a,2,may,142,21,,unknown,,
,services,single,graduate,unknown,10167.6,yes,,cellular,4,nov,,,333,,failure,No
56,,unknown,graduate,n,43454.95,n/a,no,n/a,27,mar,1608,30,,,failure,no
,blue-collar,single,secondary,n,45855.64,n/a,yes,telephone,,jul,,,432,,failure,YES
,management,single,unknown,no,30248.67,no,no,n/a,20,aug,missing,,n/a,unknown,success,N
18,management,divorced,secondary,unknown,98228.68,yes,,cellular,30,,,,,unknown,,yes
26,retired,unknown,secondary,unknown,69480.95,no,unknown,cellular,3,nov,3555,,n/a,unknown,unknown,Y
,retired,divorced,tertiary,y,90760.78,no,yes,cellular,31,jan,missing,,765,,failure,Y
66,,single,,,n/a,yes,yes,,9,,missing,,,,,No
,student,divorced,graduate,,n/a,no,unknown,n/a,30,aug,,,892,,failure,YES
79,admin.,,primary,yes,39194.92,no,no,n/a,26,feb,,43,,unknown,,
,unemployed,married,unknown,yes,34049.72,n/a,,,27,apr,,,954,10,other,
,blue-collar,single,primary,,49725.44,n/a,no,,1,apr,missing,,,7,success,YES
,management,unknown,primary,y,52160.03,,unknown,n/a,18,aug,missing,2,,9,failure,
,management,,,,33000.66,yes,,telephone,24,jan,98,45,,,,No
,student,divorced,secondary,n,99324.63,,no,,,oct,,34,n/a,,unknown,N
,,,graduate,y,58316.73,no,unknown,,24,feb,,,,unknown,success,N
,technician,divorced,secondary,yes,70205.66,n/a,unknown,telephone,22,jan,3550,,,unknown,,
,management,single,graduate,unknown,67029.45,no,no,,2,jul,,19,,9,success,
66,services,unknown,,,64510.34,n/a,unknown,cellular,19,nov,,48,801,,,
unknown,,divorced,,,-1382.3,yes,,n/a,26,jun,,,,9,other,YES
,services,married,tertiary,yes,44643.86,n/a,no,cellular,23,jun,,13,,3,success,YES
,blue-collar,married,tertiary,n,46351.21,n/a,yes,n/a,22,may,missing,,n/a,,success,
,blue-collar,unknown,unknown,,1179.71,n/a,unknown,telephone,12,,4393,,n/a,,,
,admin.,,,yes,37329.27,no,yes,n/a,25,sep,,,,,,no
,unemployed,unknown,graduate,n,59807.21,yes,yes,,30,may,2108,,,,unknown,yes
31,admin.,,graduate,n,16564.09,yes,yes,,23,feb,,6,n/a,,other,N
,blue-collar,,tertiary,no,59612.15,no,yes,telephone,15,nov,,40,,10,,YES
,retired,unknown,graduate,no,18404.91,no,unknown,n/a,2,mar,,40,,,,no
,unemployed,divorced,secondary,y,94169.19,no,no,cellular,4,jan,missing,,n/a,,,N
,management,,primary,,3143.12,n/a,no,,19,,missing,,n/a,unknown,other,Y
,,,secondary,unknown,n/a,,no,,2,feb,missing,,,6,success,
,student,divorced,primary,unknown,72406.96,n/a,,n/a,21,jul,956,,n/a,,success,Y
,management,,,n,96984.67,no,unknown,telephone,2,feb,3664,11,,,other,N
,n/a,,graduate,n,17615.11,n/a,unknown,cellular,30,mar,,,n/a,unknown,other,Y
18,technician,,tertiary,yes,40647.34,yes,unknown,telephone,5,dec,,36,944,,unknown,Y
,,,graduate,no,59704.4,,unknown,n/a,13,may,missing,,568,unknown,failure,no
,retired,divorced,unknown,,56127.16,yes,unknown,,15,feb,,,453,1,,N
35,admin.,divorced,,unknown,71235.25,no,no,n/a,30,apr,,,533,,unknown,
,n/a,divorced,unknown,,89197.99,,,telephone,20,oct,,,173,1,unknown,YES
,,unknown,graduate,,26071.19,yes,unknown,cellular,20,,missing,,n/a,,success,YES
,,divorced,graduate,no,99621.86,,,,25,jun,,,,,failure,
,management,married,graduate,n,17343.3,,,cellular,21,jun,,18,,,success,Y
,services,unknown,unknown,n,51546.72,n/a,no,,10,jul,,,,unknown,,
50,blue-collar,unknown,unknown,,52313.06,,unknown,,10,apr,,,233,,other,Y
64,retired,,secondary,unknown,19856.57,n/a,yes,n/a,1,jun,,,,unknown,,YES
,student,unknown,secondary,n,44595.59,yes,,cellular,15,may,,,550,10,other,
,student,single,unknown,y,31001.93,no,,telephone,15,aug,,5,,,other,
94,management,,tertiary,n,58409.44,n/a,unknown,n/a,15,,missing,,,unknown,failure,No
29,services,single,tertiary,y,32567.99,no,yes,,14,jun,,42,n/a,,failure,No
,n/a,single,secondary,yes,16419.97,,,cellular,,dec,,41,n/a,,,N
,,,tertiary,yes,85423.43,n/a,unknown,cellular,,feb,,,n/a,unknown,other,no
,student,,,,64554.28,n/a,,cellular,19,sep,,,,unknown,unknown,YES
17,services,,tertiary,y,78644.24,no,yes,cellular,11,sep,,,368,unknown,unknown,
34,management,divorced,graduate,y,18019.6,,,,3,may,,,293,,other,YES
,unemployed,unknown,unknown,yes,27704.0,no,no,cellular,11,,,16,n/a,,other,
63,technician,divorced,unknown,,53992.74,n/a,,cellular,25,feb,,,,,,N
92,student,married,graduate,unknown,71103.76,,yes,,31,,840,39,,,failure,YES
,n/a,,tertiary,unknown,40069.85,n/a,no,cellular,24,may,1888,39,,,other,No
17,unemployed,,unknown,,78154.51,yes,no,cellular,12,apr,missing,,449,unknown,failure,YES
76,services,married,graduate,yes,91172.41,,yes,n/a,22,jun,missing,,47,,success,
75,retired,,primary,,60454.86,yes,unknown,cellular,14,jun,missing,24,n/a,,failure,no
59,unemployed,married,,yes,25270.0,no,yes,,4,sep,1148,25,,2,unknown,No
,n/a,,,yes,-905.19,no,no,n/a,13,jun,,,,,failure,YES
,admin.,married,primary,y,99494.28,,yes,,25,mar,243,,n/a,,success,Y
52,blue-collar,,unknown,,95247.08,,no,n/a,7,may,,33,,unknown,unknown,Y
,unemployed,married,primary,,40300.26,yes,unknown,,15,apr,missing,22,n/a,,unknown,no
,retired,married,primary,unknown,4621.86,n/a,,telephone,16,oct,,2,n/a,,other,
,blue-collar,single,unknown,y,86452.0,yes,unknown,n/a,27,jul,,,n/a,,unknown,yes
71,unemployed,unknown,graduate,yes,82725.16,no,no,,29,dec,1523,,583,,success,No
,management,unknown,,no,60357.49,yes,unknown,cellular,23,feb,,18,n/a,,unknown,YES
,student,,,yes,31182.55,,yes,cellular,16,aug,missing,,n/a,unknown,success,Y
,services,unknown,,unknown,43403.77,no,no,,6,,3393,35,n/a,,success,yes
,management,unknown,unknown,n,49306.46,n/a,,,19,nov,,,,,,no
53,retired,married,primary,y,81306.51,yes,yes,telephone,7,oct,,18,n/a,,other,No
,services,single,secondary,n,36458.3,yes,,,25,sep,,,,5,,
,n/a,divorced,unknown,,81829.89,yes,yes,cellular,14,mar,missing,,365,unknown,,Y
30,admin.,divorced,tertiary,y,21485.84,n/a,unknown,,,jul,missing,,518,,unknown,no
,blue-collar,unknown,secondary,y,n/a,n/a,unknown,cellular,28,mar,,,,unknown,unknown,N
,student,single,primary,,81139.47,,,,11,may,,,n/a,2,other,No
,blue-collar,married,secondary,n,45760.24,no,,cellular,21,may,2771,,n/a,1,success,
,technician,divorced,graduate,,50395.35,,unknown,cellular,20,feb,,,600,,,
unknown,,single,tertiary,yes,92413.75,,,,19,apr,,,,,unknown,no
,admin.,divorced,tertiary,no,29829.5,,,telephone,14,,,,,,failure,Y
31,unemployed,,graduate,,38071.77,yes,yes,telephone,8,,,,n/a,,failure,yes
,services,single,secondary,yes,45408.83,yes,no,cellular,30,oct,1846,26,,,failure,Y
,admin.,unknown,secondary,unknown,46071.59,n/a,yes,telephone,8,apr,,,,unknown,unknown,
,,single,tertiary,,76027.28,,no,cellular,21,mar,missing,,,,success,yes
,n/a,single,tertiary,,43152.01,no,yes,,6,jul,missing,36,,unknown,other,YES
,services,married,secondary,y,82376.89,,no,n/a,28,jun,missing,,n/a,,failure,
,technician,single,tertiary,,24806.53,yes,,n/a,26,aug,,,,,failure,yes
42,retired,single,tertiary,y,56463.7,yes,unknown,,25,mar,,18,,unknown,unknown,No
,n/a,single,,y,84124.84,n/a,,telephone,21,jun,3633,,,unknown,success,
,admin.,divorced,secondary,,154.49,n/a,unknown,,3,aug,missing,,n/a,unknown,success,
,unemployed,married,secondary,n,97843.69,no,unknown,cellular,28,oct,,1,561,5,unknown,
,student,married,,,7606.35,,no,telephone,20,nov,,,n/a,,,
,n/a,single,,y,43436.43,n/a,no,n/a,unknown,mar,,6,175,unknown,,Y
,retired,divorced,primary,,28240.57,yes,yes,n/a,1,nov,,,796,unknown,,
32,n/a,unknown,primary,,35470.19,,,,1,may,,,,2,success,no
76,retired,single,tertiary,n,76120.66,n/a,yes,telephone,22,aug,,,,unknown,unknown,no
,management,married,unknown,unknown,1131.27,yes,yes,,28,apr,missing,,,9,other,
,services,married,unknown,,88097.37,,no,,,jun,,49,,,unknown,No
,student,divorced,secondary,,44100.42,no,no,,2,jul,,16,,unknown,,Y
,student,,unknown,n,93960.96,,yes,telephone,23,dec,,12,n/a,2,unknown,
,student,unknown,,,94498.61,no,yes,,23,nov,,5,,unknown,failure,YES
20,technician,unknown,primary,no,77493.19,n/a,,,11,aug,,,475,,failure,
,unemployed,divorced,tertiary,,85677.17,n/a,unknown,telephone,4,feb,,21,250,,other,Y
,,married,unknown,,52300.72,n/a,no,cellular,12,jul,,31,682,unknown,success,
,student,single,secondary,yes,57406.17,,no,,10,aug,missing,,535,unknown,other,Y
,,,unknown,,51535.56,no,,,29,feb,,,,,failure,yes
,blue-collar,married,unknown,,39477.89,no,yes,telephone,unknown,,,,,,unknown,YES
,admin.,unknown,graduate,yes,68791.52,no,unknown,,14,mar,1051,,,,unknown,yes
90,services,unknown,secondary,,856.61,n/a,yes,n/a,,apr,3858,4,n/a,0,other,
,,single,unknown,no,77067.93,,no,telephone,20,apr,,,n/a,,unknown,yes
92,student,,unknown,,91196.66,no,,n/a,31,oct,missing,30,,,failure,YES
,n/a,,primary,n,4733.7,no,unknown,cellular,9,,missing,6,n/a,2,,N
,n/a,divorced,tertiary,,8434.0,no,yes,,24,,,,,4,,
,unemployed,,,unknown,42896.94,no,unknown,n/a,4,sep,2399,,511,0,unknown,no
,services,divorced,tertiary,unknown,56269.76,yes,,n/a,22,oct,,,,4,unknown,YES
87,unemployed,unknown,primary,unknown,36051.75,,yes,,22,nov,missing,,981,,unknown,Y
36,n/a,married,primary,no,81809.76,n/a,unknown,,14,jun,,,143,4,,no
,n/a,,primary,n,837.66,,unknown,n/a,7,feb,missing,,,unknown,success,YES
,,married,secondary,,12588.04,no,no,cellular,11,,,,,,unknown,no
,n/a,unknown,unknown,,78797.65,n/a,yes,telephone,5,aug,missing,3,843,,success,Y
,n/a,,tertiary,yes,10164.63,n/a,unknown,n/a,4,aug,,,,unknown,failure,yes
,unemployed,single,,y,7261.58,,unknown,n/a,8,jan,,,,unknown,other,YES
83,admin.,unknown,tertiary,n,46236.85,yes,unknown,telephone,1,feb,missing,,,6,other,no
,unemployed,,secondary,yes,52906.43,yes,yes,telephone,11,jun,,9,n/a,unknown,success,Y
,services,single,tertiary,,14592.92,,,cellular,14,jun,,13,648,,other,
,management,married,,y,77677.49,yes,,n/a,15,may,3985,,,unknown,other,No
,management,married,secondary,,78532.68,no,no,telephone,26,jul,missing,,416,unknown,unknown,
,unemployed,single,unknown,yes,64285.52,no,yes,,1,nov,4319,,,unknown,success,yes
,blue-collar,divorced,tertiary,y,50949.48,yes,unknown,n/a,11,,,,n/a,unknown,success,N
,technician,,tertiary,y,1683.44,yes,no,,22,jun,3199,,127,,,no
37,technician,divorced,,,4645.34,no,unknown,n/a,12,may,missing,,n/a,8,other,yes
,unemployed,single,unknown,,76628.98,n/a,unknown,,22,jun,,33,n/a,unknown,,N
80,admin.,single,primary,y,11627.24,no,yes,n/a,5,dec,,13,211,4,failure,
,management,divorced,graduate,no,14967.66,no,,,26,oct,missing,,,,unknown,
68,,,tertiary,no,78692.54,no,yes,,25,oct,2632,41,,,unknown,No
,student,unknown,secondary,no,45651.79,no,,cellular,7,sep,4187,2,907,,,no
,,single,unknown,unknown,76364.09,no,no,,31,jul,1383,,,,success,YES
70,management,unknown,,y,46399.57,yes,yes,telephone,17,apr,1335,,n/a,2,unknown,no
,admin.,,graduate,n,n/a,no,,n/a,28,sep,missing,,,unknown,unknown,yes
49,blue-collar,unknown,unknown,n,44982.79,yes,yes,telephone,11,,4567,,,unknown,unknown,No
87,technician,unknown,unknown,unknown,54323.25,n/a,yes,cellular,10,aug,missing,,,8,unknown,
,n/a,single,secondary,n,95727.5,yes,no,telephone,28,dec,2515,,918,,success,no
70,,,unknown,unknown,n/a,yes,,telephone,7,sep,,,423,,unknown,No
,,unknown,graduate,n,15255.5,no,unknown,n/a,8,dec,missing,,21,,unknown,
,technician,divorced,graduate,y,46492.93,yes,,,4,may,missing,12,,,,Y
34,technician,divorced,secondary,,98749.51,,no,telephone,26,jun,,43,,unknown,unknown,No
59,student,single,primary,y,84209.94,no,unknown,,21,may,,9,n/a,unknown,failure,N
80,management,,,,56350.32,no,unknown,n/a,11,mar,,2,,,success,yes
,management,single,primary,,56885.49,n/a,,,26,,,17,,unknown,unknown,N
,n/a,unknown,graduate,y,42447.61,,,telephone,7,sep,,,,unknown,other,Y
,,unknown,graduate,y,46118.52,yes,unknown,cellular,2,jun,,,,unknown,,
,services,single,,y,65496.79,no,,n/a,6,aug,,,n/a,,failure,YES
,,single,unknown,n,52372.05,no,,telephone,9,oct,,,,2,,no
,retired,,tertiary,no,84799.39,no,unknown,cellular,26,jun,,2,n/a,9,failure,yes
,student,divorced,tertiary,n,59153.72,no,unknown,cellular,10,aug,411,,,unknown,,
,student,divorced,primary,n,38311.81,no,,telephone,13,aug,3427,3,,,unknown,
38,management,single,secondary,,14640.89,no,,telephone,28,feb,,,,,other,no
61,technician,married,graduate,n,88623.04,no,yes,cellular,19,jan,,,312,,,
,management,,primary,y,72779.15,no,unknown,cellular,28,may,missing,1,,7,other,
,services,divorced,unknown,n,30802.58,yes,,telephone,unknown,oct,2442,21,n/a,,failure,Y
,blue-collar,married,secondary,yes,n/a,n/a,unknown,,10,jul,,,,1,other,Y
,student,married,primary,unknown,72000.45,yes,yes,n/a,9,aug,,,n/a,unknown,unknown,YES
84,retired,divorced,,,95099.44,,,telephone,unknown,feb,,,,unknown,,no
,retired,unknown,graduate,,21450.76,yes,no,cellular,23,jan,,33,n/a,,success,no
,student,unknown,,n,95183.96,yes,no,cellular,15,jul,,,,,success,N
,retired,,tertiary,y,92618.8,yes,no,cellular,11,jun,missing,30,,,,
,admin.,married,primary,unknown,36967.25,no,yes,cellular,29,jan,,,n/a,unknown,other,N
,student,divorced,unknown,no,11772.48,no,unknown,telephone,16,aug,,,926,,other,No
,services,,tertiary,unknown,12186.0,yes,no,telephone,10,nov,missing,,n/a,unknown,,
65,student,divorced,secondary,no,50640.96,yes,unknown,telephone,18,may,3649,25,n/a,unknown,success,No
81,,single,,,-1805.36,yes,yes,n/a,24,jan,4165,21,,,failure,yes
,retired,married,secondary,n,61677.91,,,telephone,27,jan,missing,,,2,unknown,no
,admin.,divorced,tertiary,n,16669.84,,yes,n/a,29,may,missing,,168,,other,Y
,technician,married,unknown,yes,41121.39,n/a,,,28,mar,,,n/a,7,,yes
,services,divorced,,n,39008.4,,,cellular,15,feb,,,,0,success,
47,,,tertiary,y,34712.54,n/a,yes,n/a,19,oct,357,5,,,unknown,No
85,student,married,tertiary,y,24025.07,no,,cellular,22,feb,1967,28,289,unknown,unknown,no
,management,single,,yes,n/a,n/a,yes,n/a,unknown,jan,,15,,unknown,,
45,n/a,divorced,secondary,no,99882.4,yes,unknown,telephone,10,,4833,,,5,unknown,no
,student,,,,54282.47,no,no,cellular,27,aug,missing,12,n/a,,other,N
69,management,unknown,secondary,n,60512.73,no,unknown,n/a,31,sep,,,719,,unknown,no
,,divorced,unknown,,79074.39,,no,n/a,,feb,,32,n/a,,failure,no
,unemployed,,secondary,no,82695.35,n/a,unknown,telephone,26,oct,,,60,,other,yes
,blue-collar,married,tertiary,yes,n/a,n/a,yes,,5,dec,,21,991,,,no
,blue-collar,divorced,,yes,24182.24,n/a,,n/a,9,nov,missing,,n/a,5,success,N
,technician,single,,,6136.67,yes,unknown,telephone,5,aug,,,186,,,N
,n/a,,tertiary,,54654.71,,unknown,cellular,4,oct,,,330,,failure,no
,services,divorced,primary,,14141.08,,unknown,,17,may,,,n/a,unknown,unknown,YES
22,unemployed,unknown,graduate,yes,54626.01,yes,yes,telephone,7,apr,,,n/a,,,
34,n/a,,graduate,yes,34625.79,,yes,n/a,18,apr,missing,6,631,0,success,no
59,unemployed,,primary,yes,37923.66,no,yes,telephone,17,feb,missing,,n/a,4,success,yes
41,n/a,,unknown,,74589.56,no,no,cellular,7,jun,,,,,failure,YES
,technician,single,tertiary,n,38339.93,,unknown,cellular,1,may,,,,6,,
,unemployed,divorced,graduate,n,52123.73,no,,cellular,18,dec,,,,,,no
,unemployed,unknown,graduate,unknown,47287.59,,unknown,n/a,3,apr,,,,,other,no
,blue-collar,single,graduate,,58249.31,n/a,yes,telephone,17,jul,1847,,,0,,YES
,services,unknown,,n,8733.02,n/a,,,11,,3907,47,604,,failure,YES
47,technician,married,secondary,no,46296.13,n/a,unknown,telephone,23,dec,missing,,,unknown,failure,
,unemployed,unknown,primary,n,49096.86,no,yes,n/a,9,apr,missing,12,,unknown,,Y
,,,graduate,,n/a,n/a,yes,cellular,14,apr,,28,n/a,,unknown,YES
,management,married,secondary,unknown,15083.6,yes,yes,cellular,2,nov,,,,unknown,failure,YES
,retired,,secondary,n,n/a,,unknown,telephone,9,mar,,,314,unknown,failure,no
74,admin.,single,graduate,y,73417.46,,,cellular,27,apr,,5,492,10,unknown,Y
43,management,unknown,unknown,y,35935.93,no,unknown,telephone,8,mar,missing,,,,unknown,
90,services,married,,y,97218.78,no,unknown,n/a,26,jan,1821,6,269,,failure,YES
19,services,,unknown,,136.25,n/a,yes,cellular,14,apr,,,347,,success,
,management,married,tertiary,y,66100.95,,,telephone,11,apr,,9,n/a,unknown,,
62,blue-collar,divorced,secondary,unknown,18455.14,n/a,no,n/a,18,sep,missing,36,398,,other,Y
unknown,n/a,unknown,unknown,,8477.11,,,cellular,25,oct,,48,n/a,5,other,N
,management,,unknown,unknown,31051.54,yes,no,cellular,21,oct,2587,,,unknown,unknown,N
,admin.,unknown,primary,n,88170.89,no,unknown,,12,jun,1650,,,4,other,no
,student,divorced,,no,67050.61,,,telephone,,jul,missing,,809,,other,yes
,unemployed,single,primary,,47994.49,no,yes,cellular,25,jan,,,,4,failure,
,services,divorced,unknown,y,27851.73,no,unknown,n/a,3,oct,,,,,,
,student,divorced,primary,unknown,25158.45,no,no,telephone,22,dec,3058,28,,unknown,,
49,services,married,,yes,66953.77,yes,no,cellular,unknown,sep,missing,,n/a,,failure,N
,n/a,,unknown,no,68175.09,n/a,no,,16,may,,2,,,other,
,student,single,primary,yes,9069.94,n/a,no,telephone,unknown,jan,154,,,,failure,No
,unemployed,,secondary,n,79404.52,n/a,yes,telephone,19,nov,,,,,,no
,student,unknown,secondary,y,92940.6,no,yes,telephone,17,dec,,,,,,
,n/a,unknown,secondary,,69391.31,n/a,unknown,,14,,4353,,,5,failure,yes
,technician,,primary,,43545.3,yes,yes,cellular,23,sep,missing,,,unknown,unknown,
,,single,graduate,unknown,61575.3,n/a,yes,cellular,25,feb,,25,,,other,yes
,management,single,primary,,76298.33,no,no,telephone,26,nov,,,,,unknown,YES
,retired,married,tertiary,y,54827.57,no,unknown,telephone,9,,,5,177,,success,
,management,single,unknown,n,95065.77,yes,yes,cellular,16,oct,1771,15,,,failure,N
,services,single,,,97391.89,n/a,no,,unknown,nov,,,,7,failure,N
,technician,single,,unknown,37985.8,n/a,no,,,aug,missing,,,7,other,YES
,n/a,single,primary,unknown,51260.71,yes,yes,n/a,12,feb,4688,,,,failure,N
,admin.,married,tertiary,,59416.47,n/a,,telephone,5,may,missing,,825,unknown,success,N
,student,unknown,graduate,yes,n/a,n/a,,n/a,1,oct,missing,,n/a,,,
66,,,tertiary,no,49627.51,yes,yes,cellular,16,jul,214,,n/a,unknown,failure,No
,technician,unknown,primary,unknown,63252.51,,unknown,telephone,28,nov,,4,,,success,yes
,n/a,divorced,primary,yes,74205.76,no,unknown,cellular,18,apr,,,,,other,
,blue-collar,divorced,secondary,yes,70831.87,,no,cellular,24,aug,,22,n/a,,,
,technician,divorced,,no,1908.57,yes,yes,telephone,,dec,882,40,975,unknown,unknown,YES
68,unemployed,married,secondary,,9802.84,n/a,unknown,n/a,3,nov,missing,,,,,
,technician,divorced,unknown,unknown,2116.97,no,no,telephone,26,mar,1377,,,,other,yes
,technician,unknown,graduate,n,99962.62,no,yes,,3,jun,4743,11,n/a,,success,YES
46,retired,,tertiary,n,91365.06,yes,unknown,n/a,unknown,,missing,38,,,,No
,technician,divorced,graduate,y,27115.72,,,telephone,4,oct,1274,,,10,success,YES
,student,,,yes,30236.97,yes,no,cellular,13,apr,3001,23,n/a,unknown,unknown,YES
,admin.,married,primary,,35239.82,no,yes,,11,dec,2944,,n/a,,failure,
,student,divorced,graduate,yes,93645.88,yes,yes,telephone,4,aug,,,,4,,Y
,student,divorced,unknown,,32123.99,n/a,yes,telephone,1,dec,,42,,unknown,,Y
22,management,,,n,69906.5,,unknown,cellular,29,nov,,,,,,No
,,unknown,graduate,unknown,90173.62,no,yes,,18,oct,,43,,7,,no
,student,,,,92866.41,no,unknown,telephone,2,jul,,,756,unknown,other,
,services,single,primary,no,48055.23,n/a,no,telephone,2,jan,,,,unknown,failure,no
,management,single,,unknown,41961.08,yes,yes,telephone,17,jan,missing,,991,,,Y
92,admin.,married,graduate,y,4543.39,n/a,yes,telephone,22,jun,missing,,,,unknown,YES
20,retired,unknown,secondary,no,83923.99,yes,yes,,14,feb,3135,,,,failure,no
,management,unknown,tertiary,n,40666.59,,unknown,n/a,23,apr,,19,330,3,other,
,,unknown,secondary,,21143.08,n/a,no,telephone,10,apr,,,n/a,,unknown,YES
,n/a,divorced,graduate,unknown,53830.55,no,no,telephone,30,dec,1143,,,0,failure,
,technician,divorced,unknown,,9129.27,no,,cellular,25,sep,,22,,unknown,,no
17,,divorced,unknown,unknown,52667.41,yes,yes,,12,apr,1736,37,n/a,,,Y
,blue-collar,married,primary,n,72820.61,n/a,yes,telephone,11,jun,,,,,failure,
,n/a,unknown,secondary,,73173.57,n/a,,,12,apr,,,,,,
91,retired,married,secondary,unknown,71763.59,,,n/a,22,dec,,11,n/a,0,unknown,no
,n/a,divorced,graduate,,51159.18,no,yes,n/a,6,,,31,,,success,no
,management,unknown,tertiary,n,63908.38,,,telephone,13,oct,3234,,341,unknown,unknown,Y
,admin.,divorced,tertiary,,54818.42,,unknown,n/a,31,jul,3496,,,unknown,,Y
41,admin.,married,tertiary,no,61761.84,n/a,,n/a,1,apr,359,29,n/a,2,,No
,admin.,divorced,secondary,unknown,76490.18,n/a,no,,9,aug,,14,n/a,1,unknown,yes
,technician,divorced,secondary,y,38016.76,,unknown,n/a,14,nov,1266,,,,success,N
59,student,married,unknown,unknown,88379.47,no,yes,cellular,2,jan,3254,,,,,yes
,blue-collar,unknown,,yes,n/a,yes,no,n/a,17,jun,2975,,,unknown,other,No
,retired,married,primary,no,34905.85,no,unknown,telephone,8,jan,,,,unknown,failure,N
,admin.,unknown,unknown,y,62996.11,n/a,no,n/a,28,oct,,27,n/a,,,No
52,technician,divorced,unknown,unknown,76093.74,n/a,,cellular,17,feb,missing,,,,,YES
,technician,married,,,79551.99,no,unknown,,2,apr,,42,n/a,6,,
,management,single,,no,36694.91,,no,,19,apr,,,87,2,unknown,
90,retired,single,unknown,y,87489.2,n/a,,telephone,11,apr,4356,,,2,success,
,student,,secondary,,26433.52,yes,unknown,cellular,26,sep,missing,,788,,unknown,N
,admin.,single,tertiary,no,n/a,,,telephone,,may,missing,,,8,other,YES
71,technician,single,secondary,n,15825.84,,no,,24,jul,missing,38,,,failure,
69,student,married,unknown,yes,29000.31,no,yes,cellular,2,jan,619,,,,success,Y
74,services,married,tertiary,,44040.02,yes,no,telephone,unknown,aug,1395,14,,unknown,other,No
,blue-collar,married,secondary,n,32429.51,yes,no,,7,dec,missing,,,,success,No
,blue-collar,single,secondary,unknown,27579.84,no,no,,2,jun,,42,,9,success,N
,management,unknown,tertiary,n,72041.86,no,,,28,jan,missing,34,n/a,,success,
,blue-collar,married,,n,29089.92,,no,,2,oct,,,,unknown,success,
,management,single,,y,64673.4,,,telephone,23,apr,missing,,,,success,
,retired,single,primary,no,91082.61,yes,,telephone,9,feb,,49,,unknown,unknown,Y
,student,divorced,graduate,yes,82684.21,no,unknown,,21,jan,missing,,,10,success,no
20,n/a,,,unknown,93183.93,yes,unknown,cellular,24,sep,missing,,,,other,YES
,blue-collar,divorced,unknown,no,35748.11,,,cellular,22,,,,749,,success,
,admin.,divorced,secondary,unknown,84041.44,n/a,no,telephone,,may,364,,n/a,3,unknown,yes
,services,unknown,primary,yes,58874.01,no,unknown,n/a,27,feb,4166,,n/a,,success,no
,student,unknown,primary,n,86448.12,n/a,,telephone,13,may,,42,,,failure,No
,unemployed,divorced,primary,y,48814.76,n/a,unknown,,31,may,missing,,n/a,,success,yes
22,n/a,,secondary,y,76563.18,,yes,cellular,29,jul,,29,147,,failure,no
,admin.,single,,,59024.16,yes,,cellular,14,jan,,,,,failure,
,retired,divorced,primary,,85380.39,no,unknown,cellular,,jan,,26,n/a,,unknown,
,admin.,unknown,secondary,yes,15929.77,no,yes,,30,mar,missing,13,,,success,N
18,student,divorced,tertiary,yes,94807.73,no,yes,cellular,8,apr,,,,7,success,Y
,technician,unknown,tertiary,no,48569.63,n/a,no,,9,feb,missing,,,1,failure,YES
,,divorced,unknown,no,29751.89,,no,telephone,,may,missing,,255,unknown,failure,yes
81,management,single,tertiary,no,90448.82,,yes,telephone,19,jan,,,299,unknown,success,yes
,student,unknown,,,69474.5,yes,,cellular,20,,4284,,n/a,,success,Y
,retired,unknown,graduate,no,15518.81,,yes,telephone,3,aug,,,,,,N
73,services,married,,no,47471.07,n/a,no,cellular,9,jan,39,35,n/a,unknown,failure,No
24,retired,married,secondary,,14310.27,,yes,n/a,6,oct,,,n/a,unknown,unknown,no
,,,primary,yes,14611.07,no,unknown,n/a,7,dec,,2,n/a,,,
69,blue-collar,unknown,tertiary,y,3588.55,yes,no,cellular,12,oct,missing,,,unknown,failure,
,technician,married,graduate,no,12278.23,,,n/a,28,apr,,,,unknown,success,No
unknown,retired,married,secondary,unknown,64626.76,yes,,cellular,12,jun,,,,1,failure,yes
,services,unknown,unknown,unknown,76713.85,yes,no,,12,jul,missing,45,,3,success,N
,admin.,,primary,n,9274.8,n/a,unknown,n/a,24,mar,2596,32,,8,other,N
,retired,,secondary,yes,63095.85,yes,unknown,cellular,11,dec,missing,,834,,unknown,Y
,management,single,secondary,,30065.32,yes,unknown,,15,mar,missing,,,unknown,failure,N
32,blue-collar,unknown,tertiary,,51121.39,yes,,,15,jan,4469,16,269,1,unknown,N
unknown,technician,divorced,,unknown,55081.87,yes,unknown,telephone,9,jun,3868,,,,,Y
,services,divorced,unknown,,9190.9,n/a,no,n/a,5,mar,,,649,,,No
33,retired,married,graduate,unknown,27094.98,,unknown,telephone,23,aug,,20,123,,success,
,n/a,,graduate,unknown,15908.53,no,yes,cellular,9,may,,,321,,,
,admin.,single,secondary,no,50334.28,,no,cellular,17,nov,402,,,,other,yes
,blue-collar,unknown,tertiary,,85904.24,n/a,unknown,telephone,3,apr,,31,n/a,unknown,failure,
69,student,,secondary,unknown,27905.98,,yes,n/a,10,may,787,,431,unknown,unknown,
,student,,tertiary,yes,86637.32,,,cellular,22,jul,,,,unknown,other,no
,,single,unknown,,45862.28,n/a,,telephone,29,nov,missing,,905,,unknown,yes
,services,single,secondary,yes,60255.66,n/a,no,,,apr,,,,5,,
45,retired,divorced,graduate,n,15175.47,no,yes,n/a,12,may,,47,,unknown,other,yes
27,n/a,divorced,tertiary,unknown,98386.04,no,yes,,8,nov,,,699,unknown,unknown,yes
22,,married,primary,yes,67845.99,yes,,telephone,24,feb,,,n/a,9,failure,No
,,unknown,primary,y,85425.04,n/a,unknown,n/a,11,jul,1185,,316,unknown,,yes
,admin.,single,secondary,yes,67417.64,,,,22,nov,,,n/a,,,Y
91,retired,unknown,primary,,32990.97,no,no,cellular,unknown,jun,,13,n/a,unknown,success,Y
65,student,unknown,tertiary,yes,87387.4,,unknown,n/a,25,jun,,,560,,,YES
,technician,,graduate,n,45846.65,n/a,yes,n/a,7,jul,,,,0,unknown,no
71,technician,married,tertiary,,20679.61,yes,unknown,,18,nov,missing,32,,,,
,unemployed,single,secondary,yes,8077.08,no,yes,cellular,14,dec,missing,,,unknown,success,
,technician,divorced,tertiary,n,9164.89,yes,,,7,feb,,,907,,other,yes
29,student,married,unknown,yes,83643.37,n/a,unknown,n/a,22,feb,missing,,225,,,N
82,student,unknown,secondary,,67692.36,n/a,no,telephone,14,dec,,38,,10,,YES
,services,unknown,,yes,72307.82,,,n/a,18,aug,,,513,unknown,success,No
,admin.,married,primary,,96774.48,,,telephone,1,mar,missing,,,,unknown,Y
47,services,single,unknown,n,19757.54,n/a,yes,n/a,unknown,oct,,,,6,other,No
,unemployed,single,secondary,,30620.02,no,,cellular,12,jan,,24,,,unknown,
,services,,graduate,,84937.39,yes,no,n/a,22,,missing,50,,,failure,N
,technician,married,tertiary,no,89366.79,yes,no,telephone,10,may,,,,,failure,No
,retired,unknown,unknown,yes,98013.39,no,no,cellular,31,may,,,303,,success,YES
,admin.,married,graduate,yes,64511.24,yes,unknown,n/a,,mar,missing,,,,other,No
,services,married,tertiary,n,53304.16,n/a,unknown,,6,oct,missing,,770,,success,yes
,unemployed,,graduate,yes,93800.31,n/a,no,,31,,,,,,,N
,services,,unknown,y,13961.04,n/a,no,cellular,28,nov,missing,,n/a,,,N
80,,single,tertiary,n,22663.8,,,telephone,18,sep,,,,,other,yes
,blue-collar,divorced,unknown,yes,39988.91,n/a,unknown,telephone,13,jun,,,,unknown,other,N
,n/a,married,graduate,n,27419.74,no,unknown,,12,apr,missing,16,,,failure,no
,admin.,single,primary,yes,15548.37,,unknown,n/a,21,jun,missing,,,,,N
,retired,,unknown,n,15180.74,yes,,cellular,3,jun,missing,,n/a,3,success,Y
,,,,unknown,59895.7,,unknown,,20,jan,516,19,884,,failure,
,student,married,tertiary,unknown,21007.65,no,no,n/a,28,may,,20,n/a,8,success,N
78,management,single,primary,,83052.34,yes,yes,n/a,5,may,4148,,313,7,other,Y
,unemployed,,graduate,no,85076.56,,no,telephone,13,may,,36,,9,failure,Y
31,blue-collar,unknown,secondary,yes,72937.56,yes,unknown,n/a,23,jan,1095,23,n/a,unknown,failure,no
31,blue-collar,married,tertiary,n,20131.78,no,unknown,cellular,20,sep,missing,,n/a,,success,YES
,n/a,,,unknown,16346.92,n/a,unknown,telephone,21,sep,,,160,10,,No
,,single,secondary,,14764.22,,unknown,n/a,1,,,47,,,,yes
,services,married,secondary,n,94260.86,,yes,cellular,3,nov,,,710,,other,YES
,admin.,single,graduate,yes,22171.3,,yes,n/a,4,dec,,,234,5,other,Y
73,admin.,unknown,secondary,,3833.42,,,n/a,unknown,oct,missing,,n/a,,success,No
80,blue-collar,divorced,,,56755.84,n/a,unknown,n/a,2,,3163,11,392,10,other,no
,retired,married,tertiary,no,72358.39,n/a,no,n/a,27,jun,4989,,,5,success,Y
,,married,graduate,n,81378.37,no,unknown,cellular,31,sep,681,,n/a,unknown,failure,No
76,student,,tertiary,y,72456.55,no,no,n/a,,mar,1991,26,,,unknown,YES
,admin.,,unknown,no,78660.1,n/a,yes,,27,nov,missing,,950,,unknown,
37,technician,single,primary,y,13279.75,n/a,unknown,n/a,19,jul,,,n/a,,,N
,,married,unknown,y,88482.02,n/a,no,,28,jan,missing,,,unknown,,no
,retired,unknown,tertiary,n,6760.32,no,yes,n/a,24,oct,missing,46,14,,other,N
57,student,married,primary,n,n/a,yes,unknown,,,oct,3620,16,1,,other,No
,,single,primary,y,42891.39,n/a,no,n/a,,may,missing,,n/a,,success,
,student,married,tertiary,y,46693.92,n/a,unknown,cellular,18,aug,,,,unknown,unknown,No
87,retired,married,secondary,n,43036.89,yes,,,21,dec,,10,,,unknown,Y
,unemployed,,,,39372.52,n/a,yes,n/a,30,oct,510,,,2,failure,YES
,technician,single,,no,90867.2,yes,yes,n/a,8,jul,1225,,791,2,success,yes
18,,,tertiary,n,95757.72,n/a,,,3,mar,,42,n/a,1,other,yes
,services,married,secondary,unknown,23367.75,n/a,,cellular,18,mar,,,,9,unknown,YES
,admin.,married,graduate,unknown,23454.73,yes,,cellular,30,,3311,43,539,,failure,
,n/a,single,graduate,yes,18508.16,,yes,telephone,18,,,,n/a,4,other,no
79,technician,married,secondary,y,32419.91,no,no,n/a,14,nov,388,,,,success,No
,retired,unknown,,yes,69626.68,n/a,,telephone,11,jul,missing,,397,unknown,failure,Y
,technician,unknown,primary,,n/a,no,,telephone,26,apr,1209,,,unknown,success,
38,student,single,unknown,y,19862.74,n/a,no,cellular,3,,,45,n/a,,unknown,N
73,,single,primary,no,11577.06,yes,,,25,mar,missing,,776,1,unknown,yes
,retired,unknown,secondary,no,26005.07,yes,no,,13,may,missing,,974,,failure,
52,student,married,tertiary,yes,51100.14,n/a,no,cellular,30,mar,,40,n/a,,success,
36,services,unknown,primary,yes,32592.27,n/a,yes,telephone,18,dec,1516,,n/a,unknown,success,Y
,technician,,tertiary,,27434.75,n/a,,n/a,12,apr,,,n/a,,unknown,yes
,blue-collar,divorced,secondary,n,64427.06,n/a,,cellular,26,apr,,,,unknown,other,Y
52,technician,,primary,unknown,88951.74,n/a,unknown,telephone,7,feb,4885,,,9,success,Y
,student,married,graduate,,2134.65,no,,,4,nov,,,,,success,Y
72,retired,divorced,tertiary,,91037.95,yes,yes,,20,jul,,28,,,unknown,no
,technician,divorced,tertiary,unknown,70363.83,,yes,cellular,3,sep,missing,45,n/a,unknown,failure,Y
91,admin.,divorced,tertiary,unknown,62540.56,,unknown,telephone,6,feb,missing,,937,,success,
42,management,unknown,secondary,,83182.95,yes,,n/a,8,nov,,41,n/a,,,No
,,,,y,63412.46,no,yes,n/a,,,1990,,n/a,,,N
,student,divorced,graduate,no,53212.69,yes,,telephone,2,oct,missing,15,n/a,7,success,yes
,n/a,single,unknown,unknown,97146.83,,yes,,14,aug,,33,,1,failure,yes
,student,unknown,primary,,47644.88,,yes,telephone,29,jun,,14,,,unknown,
,blue-collar,,secondary,y,36463.85,n/a,,telephone,28,feb,,13,,unknown,,N
27,unemployed,unknown,tertiary,y,n/a,no,unknown,cellular,16,jan,,,,unknown,success,No
,,,,,20470.24,n/a,,,17,apr,,9,n/a,,unknown,N
,technician,single,unknown,n,n/a,yes,yes,n/a,15,sep,,,,4,failure,No
,services,divorced,primary,y,79545.58,yes,no,n/a,27,jul,,,918,,,N
,n/a,married,primary,y,89769.81,no,yes,telephone,14,feb,,,,unknown,unknown,no
87,unemployed,single,graduate,no,50845.95,yes,,telephone,21,,2148,,,,other,no
83,technician,,secondary,unknown,72483.01,n/a,unknown,cellular,14,aug,2158,,n/a,7,unknown,no
31,technician,,unknown,,15501.96,yes,no,telephone,25,aug,,,n/a,1,unknown,
60,n/a,divorced,secondary,,n/a,n/a,,cellular,unknown,mar,,,,,failure,N
,blue-collar,,unknown,,20135.9,n/a,unknown,n/a,20,mar,,34,618,unknown,,Y
30,blue-collar,married,,,42135.36,no,,telephone,5,sep,,,647,4,unknown,Y
,management,,,,66191.49,yes,,n/a,9,dec,,,,8,,No
,retired,single,tertiary,unknown,80752.87,,yes,cellular,6,,,,,,success,yes
,,married,tertiary,,10606.31,,unknown,telephone,17,aug,,2,n/a,,unknown,no
42,services,divorced,graduate,,62308.63,n/a,unknown,,7,jul,,,,unknown,success,
56,services,married,secondary,unknown,1795.97,no,yes,n/a,13,may,2361,,400,unknown,failure,YES
23,services,unknown,tertiary,y,25024.98,no,,telephone,27,nov,,25,680,unknown,unknown,
,technician,divorced,,n,35138.8,,no,n/a,26,,1649,,,unknown,other,
70,n/a,divorced,primary,,20663.2,no,unknown,n/a,14,feb,,,,,unknown,no
39,management,,unknown,no,65173.4,no,no,cellular,30,feb,3221,,,4,,
,blue-collar,divorced,primary,y,81100.47,yes,yes,n/a,2,apr,4111,16,163,2,unknown,Y
,retired,unknown,tertiary,n,8359.57,no,,telephone,5,jun,,,n/a,unknown,,No
,unemployed,single,primary,n,75190.02,n/a,unknown,,7,sep,,32,n/a,5,failure,
,blue-collar,divorced,,,73815.23,n/a,,telephone,4,nov,1954,,,unknown,,yes
,services,divorced,unknown,unknown,82696.85,yes,unknown,,21,mar,,,960,6,,YES
40,technician,divorced,graduate,unknown,34120.57,yes,unknown,,11,oct,,,,8,,N
,student,single,graduate,n,2342.86,,yes,cellular,20,dec,144,,598,,,
24,,married,primary,no,n/a,,no,n/a,7,sep,missing,,,4,unknown,
,management,,tertiary,n,93282.19,,yes,cellular,2,may,,19,,,,YES
79,admin.,married,,y,46198.51,n/a,yes,cellular,4,sep,,23,,,success,No
39,technician,divorced,tertiary,no,98060.66,n/a,unknown,cellular,4,jul,,36,n/a,,success,
89,services,,graduate,n,35798.06,,no,n/a,31,jul,3301,,n/a,3,other,YES
41,student,married,primary,,70892.02,n/a,no,n/a,7,apr,,29,243,unknown,unknown,yes
,unemployed,divorced,graduate,yes,52166.65,n/a,unknown,cellular,11,jun,missing,,n/a,,unknown,no
,services,divorced,secondary,no,64078.04,n/a,yes,cellular,16,jun,3353,18,n/a,7,,
,technician,single,secondary,,81340.86,no,yes,,27,jun,2720,,,unknown,,Y
63,retired,single,secondary,,69638.61,,no,telephone,16,apr,2393,,,,unknown,Y
,admin.,married,unknown,yes,64722.99,n/a,yes,,18,mar,4925,,n/a,,unknown,no
,services,married,graduate,yes,26132.42,yes,unknown,,11,feb,,,,,other,yes
,student,single,tertiary,no,7793.18,no,,,22,nov,299,,n/a,unknown,failure,YES
76,admin.,married,tertiary,unknown,96058.27,,unknown,telephone,20,dec,missing,43,n/a,unknown,failure,N
,student,married,unknown,yes,30676.37,,yes,n/a,22,nov,missing,,,6,,Y
59,n/a,,tertiary,y,82593.82,yes,,,7,jan,3070,33,,,failure,N
30,admin.,,tertiary,,7567.27,yes,,,15,oct,,49,n/a,4,success,yes
75,unemployed,married,primary,n,29081.44,n/a,no,cellular,17,jul,2787,,,10,other,No
35,retired,divorced,unknown,unknown,89738.66,,unknown,telephone,24,nov,,,934,unknown,,no
49,unemployed,divorced,graduate,n,44009.97,n/a,,n/a,28,nov,,,n/a,unknown,unknown,
35,blue-collar,married,,,86163.55,n/a,,cellular,24,jun,1558,,,unknown,success,
27,student,divorced,,y,92239.27,yes,unknown,n/a,19,feb,missing,,915,unknown,,yes
,unemployed,unknown,,no,66455.87,n/a,,n/a,21,jun,2962,,n/a,,failure,
,unemployed,unknown,tertiary,yes,89389.71,no,no,n/a,9,oct,3184,48,815,unknown,success,
,services,unknown,graduate,no,84441.11,no,,n/a,8,aug,2490,28,,0,success,YES
,,married,,no,72801.86,no,yes,n/a,19,sep,4560,,,7,failure,no
,n/a,unknown,,y,70309.89,yes,no,n/a,20,oct,3200,,839,,success,no
75,services,,primary,,61361.8,no,no,cellular,26,apr,,,,unknown,unknown,N
,management,married,primary,,96356.32,,no,,13,aug,missing,,,,failure,
,technician,,secondary,unknown,34732.59,n/a,no,,1,aug,missing,,,,,YES
unknown,services,single,tertiary,n,29484.84,yes,,,16,jan,,40,,unknown,failure,no
,blue-collar,unknown,,unknown,60635.69,n/a,no,telephone,8,oct,missing,6,n/a,1,unknown,
52,unemployed,divorced,unknown,y,47116.06,n/a,unknown,cellular,3,dec,missing,47,535,,other,no
,management,single,unknown,unknown,n/a,n/a,yes,cellular,23,aug,,,n/a,0,success,no
46,student,single,primary,unknown,77408.94,yes,no,telephone,,jan,1644,,,,other,yes
26,blue-collar,single,,,83416.87,no,,n/a,23,oct,,,,unknown,unknown,No
,blue-collar,unknown,graduate,n,-1358.1,yes,no,,16,mar,,,,unknown,failure,YES
,blue-collar,divorced,,no,n/a,,unknown,,22,aug,missing,,n/a,,failure,YES
,n/a,unknown,graduate,n,74574.35,n/a,yes,,12,may,,,,,other,no
71,management,divorced,unknown,n,66427.11,,yes,n/a,19,aug,,6,n/a,unknown,unknown,
,blue-collar,single,secondary,,n/a,,no,telephone,22,dec,missing,,n/a,,unknown,N
17,admin.,divorced,tertiary,no,4340.33,no,unknown,n/a,18,apr,,,n/a,,unknown,Y
,admin.,single,unknown,n,n/a,no,no,cellular,17,dec,,3,,8,other,YES
,,,graduate,y,84117.89,,no,cellular,11,aug,3521,,n/a,5,failure,No
83,admin.,married,secondary,yes,55474.99,no,no,,24,oct,990,,997,,other,YES
,student,divorced,tertiary,y,26112.5,yes,unknown,telephone,23,oct,missing,36,,,other,
,,single,primary,n,54623.25,n/a,yes,telephone,4,oct,1224,,324,unknown,unknown,N
,admin.,,,no,80383.33,yes,unknown,cellular,,jan,missing,,n/a,,success,N
36,unemployed,single,unknown,no,74378.99,no,no,,8,aug,887,,759,,failure,YES
,,married,unknown,yes,85931.27,,unknown,n/a,9,oct,,,n/a,unknown,failure,Y
,admin.,divorced,unknown,,87265.08,no,unknown,,22,feb,missing,,,,failure,N
,unemployed,divorced,unknown,,78039.76,yes,yes,,21,aug,missing,,631,6,success,N
,n/a,unknown,graduate,,1849.64,,no,n/a,16,nov,missing,,,9,unknown,Y
,management,married,tertiary,unknown,-1904.85,no,unknown,telephone,4,oct,missing,40,n/a,unknown,success,Y
95,services,married,graduate,,81989.09,no,,n/a,25,,2425,,,,other,
37,unemployed,unknown,secondary,,42830.87,yes,unknown,telephone,12,mar,966,,n/a,,failure,
,n/a,single,secondary,,32069.17,yes,,,4,aug,,16,178,,other,
,blue-collar,single,graduate,y,83459.78,n/a,unknown,n/a,30,oct,,,,3,other,no
,services,unknown,secondary,yes,38286.87,no,no,telephone,13,jan,4678,,,unknown,other,YES
34,technician,,graduate,,97976.06,yes,,,3,jun,814,,122,unknown,success,No
,technician,married,tertiary,,12897.29,yes,,n/a,13,dec,,,n/a,,failure,Y
,,unknown,,no,12992.31,yes,no,telephone,7,nov,,21,,6,,Y
,unemployed,married,,y,21233.25,yes,unknown,,29,sep,,,268,,other,
89,student,unknown,graduate,,18720.95,n/a,no,,23,jan,,36,,,,No
69,services,,primary,no,20363.61,n/a,no,,25,jun,missing,,684,unknown,,no
,retired,unknown,,yes,20017.86,n/a,unknown,cellular,17,apr,,,,,failure,No
58,n/a,unknown,,n,71638.36,n/a,unknown,,30,,,,,4,,YES
,n/a,divorced,tertiary,unknown,n/a,n/a,,cellular,23,dec,2337,20,,,success,No
,technician,,unknown,y,5949.34,n/a,yes,,5,feb,4310,36,560,,,YES
,management,single,,unknown,76508.94,no,unknown,n/a,20,,missing,,,,,N
,admin.,,secondary,no,86368.97,yes,,,7,,,,,,unknown,No
,,single,,yes,63684.97,,unknown,,16,jun,,41,17,,other,
,student,,primary,,11848.98,n/a,no,n/a,,oct,missing,24,856,unknown,success,YES
,management,unknown,unknown,n,-541.22,no,,cellular,24,,26,30,n/a,7,failure,
unknown,student,single,tertiary,,58476.01,no,no,,7,jul,,,,,failure,No
,n/a,married,primary,y,72819.31,n/a,yes,telephone,22,jan,missing,49,,1,unknown,YES
88,student,unknown,primary,unknown,8907.45,no,unknown,telephone,,,missing,46,,2,success,
,student,married,,no,36051.6,no,yes,cellular,11,jan,,,,unknown,failure,Y
,student,unknown,unknown,y,66503.25,no,unknown,cellular,,jul,missing,,,,other,N
,student,unknown,,yes,8253.61,no,no,telephone,4,jul,missing,,n/a,,success,No
,unemployed,unknown,,y,91682.36,,yes,,24,mar,,32,,10,failure,
,management,unknown,tertiary,,57997.99,,no,,13,dec,,,n/a,,,Y
,retired,married,unknown,,34511.7,,yes,,6,,missing,,154,,failure,no
50,student,divorced,,,90942.56,yes,unknown,cellular,6,nov,missing,,,7,other,YES
,student,single,primary,,56506.95,yes,yes,telephone,unknown,aug,,,,,success,Y
,technician,married,unknown,y,84883.1,n/a,unknown,telephone,15,jan,missing,,,,success,Y
,n/a,,primary,yes,67075.8,yes,,,5,mar,,,,unknown,other,No
35,technician,married,,yes,94987.5,no,unknown,cellular,unknown,sep,missing,13,,unknown,success,No
,,,unknown,,43720.79,yes,yes,cellular,7,oct,,,833,,success,yes
68,technician,divorced,tertiary,y,62315.78,no,unknown,telephone,31,sep,,,,,unknown,
,n/a,unknown,graduate,unknown,n/a,yes,,n/a,10,,,8,n/a,,failure,No
38,retired,unknown,,no,15755.81,n/a,no,cellular,19,dec,,38,128,6,success,N
,admin.,divorced,tertiary,n,78901.22,,no,telephone,25,jul,,,,unknown,success,no
,student,married,secondary,no,30702.21,,unknown,telephone,7,,,11,875,,unknown,No
,technician,married,unknown,n,n/a,,,cellular,20,sep,2131,,n/a,,success,N
,blue-collar,,graduate,unknown,34373.36,,,n/a,31,feb,,,,3,unknown,
,technician,divorced,,no,95415.29,no,unknown,n/a,17,,,47,,,success,Y
59,unemployed,unknown,secondary,no,34239.48,no,yes,,8,nov,3458,,110,,unknown,no
,student,,unknown,y,52484.19,,yes,,19,nov,,,n/a,,other,Y
,n/a,,,,17100.63,n/a,unknown,n/a,26,dec,missing,,372,8,,
,services,single,,,42463.87,no,no,telephone,3,dec,missing,,,,success,N
,services,divorced,graduate,no,87305.6,yes,unknown,cellular,,aug,missing,,,9,success,yes
,blue-collar,unknown,secondary,y,59618.15,yes,yes,cellular,2,nov,1216,,,unknown,,no
,student,divorced,unknown,unknown,90385.23,n/a,,cellular,16,may,,,,1,other,
23,services,unknown,primary,yes,23521.77,yes,yes,n/a,unknown,oct,4443,39,825,,failure,No
67,technician,single,primary,no,50903.43,yes,unknown,cellular,25,,,3,,,other,
,,single,,y,6765.64,yes,no,n/a,unknown,oct,missing,,,unknown,unknown,
56,n/a,divorced,primary,y,n/a,,yes,,8,may,,,,unknown,other,no
,services,single,graduate,yes,75636.21,,no,cellular,30,jul,,,,7,unknown,No
,services,divorced,tertiary,,80925.17,no,unknown,,31,nov,missing,,357,5,,No
,blue-collar,,,no,94888.78,,no,,3,dec,4124,,,,other,
35,services,divorced,unknown,,71992.18,yes,no,,4,sep,missing,18,n/a,unknown,success,
,student,divorced,primary,,51086.15,,unknown,n/a,1,,missing,,,,success,YES
,retired,divorced,primary,,86545.15,n/a,no,,16,jul,,25,n/a,,other,N
,student,unknown,graduate,unknown,65890.13,n/a,yes,,30,nov,missing,13,,,,yes
20,admin.,married,graduate,y,93589.53,n/a,unknown,cellular,27,aug,,47,n/a,,failure,No
,student,unknown,primary,,72048.0,yes,,cellular,28,dec,missing,,610,,success,No
,blue-collar,divorced,secondary,,32187.94,yes,yes,,,may,,14,900,,failure,YES
36,n/a,married,secondary,yes,63580.4,no,unknown,,5,,,24,,,success,Y
,management,,secondary,n,95827.04,no,no,,7,,,14,,,,Y
,,married,primary,y,69768.01,yes,,n/a,5,,,20,n/a,7,other,Y
,retired,single,graduate,y,19276.66,n/a,unknown,n/a,11,feb,,,,8,failure,yes
,n/a,single,primary,unknown,75107.91,yes,yes,cellular,1,sep,,50,,,failure,no
,,,tertiary,yes,53007.13,no,,telephone,30,nov,missing,16,n/a,7,,YES
,retired,divorced,secondary,unknown,n/a,no,,n/a,27,oct,,,,,failure,Y
,technician,unknown,secondary,unknown,34442.84,,,telephone,9,dec,,9,829,8,other,no
,services,,unknown,yes,49657.82,n/a,unknown,n/a,14,jul,681,37,,7,,
,admin.,single,,,21003.03,n/a,yes,telephone,13,aug,missing,2,,,,
20,admin.,unknown,secondary,no,96249.19,,unknown,,10,apr,,,n/a,6,other,no
,management,unknown,tertiary,no,99641.29,,unknown,n/a,1,apr,2988,,,2,unknown,no
,,unknown,graduate,no,52567.56,,no,telephone,25,jun,,19,,10,other,
,n/a,single,secondary,,80588.05,,no,,17,apr,,39,n/a,unknown,failure,YES
19,services,divorced,primary,,8431.85,n/a,,telephone,5,may,2604,35,,,,Y
,retired,unknown,tertiary,y,80912.16,no,unknown,n/a,26,jul,,,166,,other,No
,management,divorced,graduate,yes,93233.76,no,no,cellular,3,jul,,,698,unknown,failure,
,management,married,,y,88376.56,n/a,,n/a,9,,,20,n/a,0,,Y
,blue-collar,single,,yes,61791.06,,no,n/a,unknown,,,,,unknown,,
,blue-collar,unknown,primary,n,23998.52,n/a,unknown,,19,jun,2681,15,385,9,failure,
,unemployed,married,primary,yes,45338.14,n/a,,,6,jul,missing,43,,7,unknown,YES
,management,,unknown,n,87463.58,yes,yes,cellular,16,apr,,,,unknown,other,Y
,technician,single,unknown,no,n/a,n/a,,telephone,30,oct,,,791,,success,
,services,unknown,graduate,,63525.57,n/a,unknown,,30,,missing,4,n/a,,,N
,admin.,married,primary,n,6554.36,n/a,yes,n/a,2,jan,missing,3,,,failure,Y
,retired,unknown,unknown,no,46214.6,n/a,yes,telephone,13,may,,,,,success,yes
,management,single,secondary,n,45828.61,n/a,unknown,n/a,30,jul,,,n/a,2,other,Y
,services,married,primary,,36861.24,no,unknown,telephone,2,feb,,,670,,success,N
40,,,secondary,,81593.78,no,unknown,n/a,28,,,41,,,unknown,No
87,student,married,tertiary,,79216.76,yes,yes,telephone,11,aug,,25,n/a,2,unknown,YES
,services,single,,y,15610.72,no,,,17,apr,3935,,579,,success,N
38,management,divorced,tertiary,,47625.83,n/a,,cellular,7,jul,2163,,n/a,unknown,failure,
,services,single,,yes,45027.17,no,no,n/a,,feb,,9,260,,other,yes
27,student,single,,yes,49115.29,yes,,telephone,4,jul,,,795,,,YES
23,unemployed,,secondary,n,3728.28,yes,no,telephone,9,apr,missing,,,,failure,yes
,n/a,divorced,unknown,y,23185.49,,yes,telephone,8,,,45,,,,no
91,admin.,divorced,graduate,yes,55380.3,n/a,unknown,,26,nov,,25,n/a,,success,
,student,single,,no,38693.01,no,yes,telephone,8,mar,missing,,,,unknown,N
,services,married,,y,85297.85,yes,no,cellular,26,feb,,,388,unknown,success,no
,management,,tertiary,no,6612.96,yes,no,n/a,30,apr,3033,,592,2,other,No
71,retired,married,graduate,no,13096.87,yes,unknown,cellular,31,feb,,,729,,unknown,Y
,services,married,tertiary,y,n/a,n/a,yes,,19,may,,,,0,,no
93,retired,single,secondary,n,23806.75,,no,,24,aug,,,n/a,,,Y
,blue-collar,divorced,unknown,y,9489.82,,no,,,sep,,,n/a,9,failure,
,student,single,tertiary,yes,n/a,,no,,22,apr,,30,95,unknown,success,N
53,blue-collar,,graduate,,39063.35,yes,,,7,,4524,,,,unknown,
50,services,single,primary,,54267.15,no,yes,cellular,25,sep,4683,,,unknown,,
,services,married,,unknown,54652.94,n/a,no,cellular,1,oct,,,407,4,success,N
56,unemployed,married,primary,yes,77319.79,no,no,,25,feb,2881,30,493,unknown,success,
,,married,secondary,yes,16374.87,,,telephone,3,sep,,7,n/a,,success,no
22,retired,unknown,tertiary,y,78134.2,n/a,yes,cellular,8,jul,,,,,unknown,N
35,technician,divorced,,no,27665.65,no,,cellular,20,oct,,46,,,,
,unemployed,,primary,y,28060.09,no,unknown,cellular,15,jun,,,,,success,Y
,unemployed,married,,,-196.36,n/a,,,1,,missing,28,,unknown,success,No
,blue-collar,married,graduate,,15778.89,no,no,n/a,8,,,2,,unknown,failure,YES
32,,unknown,tertiary,unknown,25208.19,yes,yes,n/a,23,feb,missing,40,,,failure,N
,unemployed,married,primary,y,2829.51,no,unknown,n/a,23,jan,,,,3,other,
85,n/a,,graduate,y,86790.82,n/a,no,n/a,20,dec,,,,,,yes
,blue-collar,single,tertiary,no,77498.9,yes,,,8,jul,,23,,unknown,success,N
61,unemployed,unknown,primary,,77957.64,yes,unknown,telephone,7,sep,missing,,,,,
18,services,single,,unknown,27919.13,yes,unknown,cellular,12,,missing,,n/a,6,failure,N
,admin.,married,unknown,,38239.91,n/a,unknown,n/a,17,,,,,,other,no
37,management,single,primary,,30435.81,no,,n/a,15,,4560,,,,,
,unemployed,unknown,,,25851.96,n/a,no,cellular,9,,,1,,7,other,
25,n/a,divorced,unknown,,14959.48,yes,yes,n/a,unknown,oct,,,,6,success,No
,management,,primary,no,18619.21,yes,yes,telephone,22,nov,,19,43,,other,Y
43,management,divorced,primary,yes,14315.92,n/a,unknown,telephone,unknown,jun,,,n/a,unknown,failure,Y
,n/a,,unknown,unknown,40269.2,n/a,unknown,,6,may,,,n/a,9,success,No
,,,secondary,n,44269.17,yes,,,2,sep,missing,50,867,,success,YES
,n/a,unknown,graduate,unknown,40886.54,,yes,,7,nov,,,n/a,,success,no
,student,,graduate,yes,-1648.29,yes,,,21,apr,,,,unknown,other,No
26,technician,single,,,-1196.79,yes,no,n/a,17,jul,,,850,unknown,success,Y
,n/a,unknown,graduate,,76890.91,yes,no,cellular,11,jan,,,,unknown,other,
,,married,secondary,yes,31704.87,n/a,,n/a,16,aug,516,24,,unknown,failure,
,blue-collar,married,unknown,,74347.35,n/a,yes,,24,may,,27,829,unknown,failure,yes
32,technician,,unknown,no,80025.22,n/a,no,telephone,20,jun,242,,100,0,unknown,YES
,services,unknown,graduate,,13366.16,n/a,unknown,,8,jan,missing,34,n/a,unknown,,No
,n/a,divorced,primary,y,78306.95,no,unknown,,25,oct,,,549,4,success,Y
,retired,divorced,primary,unknown,56331.73,,yes,,10,sep,4462,16,,1,,Y
63,technician,,,n,23710.09,,yes,telephone,8,jan,,,n/a,6,unknown,
85,services,unknown,secondary,y,86779.78,yes,no,telephone,14,apr,missing,,,unknown,failure,No
,retired,,primary,,40650.15,no,unknown,,24,jun,,,314,unknown,unknown,no
,technician,divorced,tertiary,n,96700.29,n/a,yes,n/a,20,,,,n/a,,unknown,N
,blue-collar,unknown,graduate,,41721.82,n/a,yes,telephone,26,oct,,30,113,,success,Y
,services,,tertiary,no,44708.91,,no,cellular,22,may,,,,unknown,success,
,services,unknown,graduate,unknown,67225.4,,yes,cellular,20,may,,,,9,success,N
,,single,primary,y,82797.4,yes,unknown,telephone,20,aug,,4,,0,failure,
,student,divorced,unknown,yes,56744.18,n/a,no,,7,nov,missing,,,,,Y
,n/a,married,secondary,y,56458.15,n/a,yes,telephone,8,feb,missing,,,4,success,YES
,student,,primary,y,57978.41,no,unknown,telephone,29,may,,7,660,,,YES
,student,unknown,secondary,unknown,37092.57,n/a,,telephone,18,,,30,,3,unknown,N
47,n/a,single,primary,,17687.18,,no,n/a,17,nov,,,257,6,unknown,YES
32,retired,single,,yes,85980.37,yes,unknown,n/a,16,dec,,,135,unknown,failure,No
34,unemployed,unknown,secondary,unknown,26714.72,n/a,no,telephone,3,dec,missing,38,,,unknown,
,management,divorced,secondary,,19406.57,,unknown,cellular,1,mar,,36,n/a,unknown,other,No
,n/a,unknown,,y,36794.65,,no,cellular,26,may,2889,,401,unknown,other,Y
,blue-collar,married,tertiary,unknown,74674.81,n/a,yes,,7,jan,,42,922,unknown,other,yes
66,technician,married,unknown,n,32735.28,,no,telephone,12,aug,,,,unknown,success,
,management,,unknown,yes,39521.1,,unknown,telephone,20,jan,67,,,unknown,other,Y
18,student,,,y,n/a,n/a,no,cellular,12,apr,,30,841,,,yes
,blue-collar,divorced,unknown,no,39455.35,n/a,yes,telephone,27,aug,,,,10,failure,yes
,student,married,unknown,y,99882.42,,,n/a,,aug,,23,n/a,,failure,
44,management,divorced,graduate,unknown,31839.67,no,no,n/a,3,mar,,,n/a,,unknown,No
